user_id,total_sessions,active_weeks,avg_sessions_per_week,avg_duration_min,duration_variability,sport_variety,last_workout_date,days_since_last_workout,churn_risk,estimated_ltv_eur,revenue_at_risk_eur
69,78,47,1.6596,82.42,69.12,3,2025-11-13,126,high,1500.0,1500.0
2358,422,114,3.7018,50.97,27.16,6,2026-03-05,14,medium,1500.0,0.0
3808,170,90,1.8889,98.96,82.81,3,2026-01-24,54,high,1500.0,1500.0
4101,63,21,3.0,73.94,49.29,3,2026-02-11,36,high,1500.0,1500.0
4434,486,76,6.3947,78.17,37.28,3,2026-03-01,18,medium,1500.0,0.0
5197,143,41,3.4878,69.73,43.61,4,2026-03-13,6,low,1500.0,0.0
5703,45,29,1.5517,77.88,47.74,4,2026-03-04,15,medium,1500.0,0.0
5844,232,108,2.1481,79.11,42.87,5,2025-12-29,80,high,1500.0,1500.0
13653,327,125,2.616,72.5,35.38,2,2026-03-16,3,low,1500.0,0.0
16786,241,84,2.869,71.05,47.46,2,2026-03-13,6,low,1500.0,0.0
22260,65,45,1.4444,141.35,62.7,1,2026-03-18,1,medium,1500.0,0.0
28064,374,203,1.8424,119.9,59.03,2,2026-03-15,4,medium,1500.0,0.0
34269,447,106,4.217,69.77,56.46,4,2026-03-08,11,medium,1500.0,0.0
43169,27,24,1.125,108.49,29.34,2,2025-11-17,122,high,1500.0,1500.0
43462,5,5,1.0,134.43,92.13,4,2026-03-11,8,medium,1500.0,0.0
50404,25,16,1.5625,40.16,51.35,3,2025-09-24,176,high,1500.0,1500.0
56291,448,188,2.383,53.25,30.33,5,2026-03-01,18,medium,1500.0,0.0
56331,224,133,1.6842,89.76,50.45,5,2026-03-09,10,medium,1500.0,0.0
58536,437,175,2.4971,89.5,45.68,8,2026-03-15,4,low,1500.0,0.0
65350,24,18,1.3333,113.91,42.26,1,2026-02-01,46,high,1500.0,1500.0
65547,598,192,3.1146,112.27,66.23,4,2026-03-06,13,medium,1500.0,0.0
68009,403,151,2.6689,49.82,33.47,3,2026-03-12,7,low,1500.0,0.0
68129,233,98,2.3776,80.79,42.53,6,2026-03-18,1,low,1500.0,0.0
69228,5,4,1.25,159.09,71.37,1,2026-03-15,4,medium,1500.0,0.0
71988,38,29,1.3103,63.59,24.86,2,2026-03-14,5,medium,1500.0,0.0
74718,50,18,2.7778,81.26,42.37,3,2026-03-15,4,low,1500.0,0.0
80101,216,123,1.7561,49.06,27.69,3,2025-09-29,171,high,1500.0,1500.0
80118,206,44,4.6818,60.11,28.82,5,2026-03-05,14,medium,1500.0,0.0
80466,111,59,1.8814,101.44,43.03,2,2026-02-10,37,high,1500.0,1500.0
81753,189,100,1.89,84.88,49.17,1,2026-01-07,71,high,1500.0,1500.0
82119,198,74,2.6757,88.56,44.37,3,2026-02-28,19,medium,1500.0,0.0
90592,47,30,1.5667,119.26,43.44,1,2026-03-16,3,medium,1500.0,0.0
95439,155,63,2.4603,122.5,50.05,2,2026-03-14,5,low,1500.0,0.0
96628,57,41,1.3902,76.74,58.41,2,2026-03-18,1,medium,1500.0,0.0
104216,31,17,1.8235,66.51,33.32,2,2026-03-13,6,medium,1500.0,0.0
109975,18,14,1.2857,66.77,23.19,3,2025-10-23,147,high,1500.0,1500.0
114073,260,122,2.1311,61.69,29.96,4,2026-03-08,11,medium,1500.0,0.0
118377,30,22,1.3636,91.22,76.45,3,2026-03-01,18,medium,1500.0,0.0
126114,160,67,2.3881,80.9,59.38,6,2026-03-18,1,low,1500.0,0.0
126898,366,140,2.6143,109.57,66.26,8,2026-03-18,1,low,1500.0,0.0
127185,89,65,1.3692,89.01,72.65,2,2025-11-13,126,high,1500.0,1500.0
127432,227,86,2.6395,116.98,60.04,4,2026-03-15,4,low,1500.0,0.0
136171,148,55,2.6909,72.09,45.75,4,2026-03-03,16,medium,1500.0,0.0
139383,465,188,2.4734,146.64,42.52,4,2026-03-14,5,low,1500.0,0.0
139442,33,25,1.32,103.73,46.12,3,2026-02-28,19,medium,1500.0,0.0
140314,52,33,1.5758,67.71,26.12,1,2026-03-16,3,medium,1500.0,0.0
141794,43,28,1.5357,114.34,43.31,3,2026-02-26,21,medium,1500.0,0.0
147750,27,17,1.5882,97.7,48.69,2,2026-03-08,11,medium,1500.0,0.0
150436,265,125,2.12,75.94,51.62,7,2026-03-11,8,medium,1500.0,0.0
158177,4,1,4.0,71.15,12.37,1,2026-03-17,2,low,1500.0,0.0
159106,397,153,2.5948,120.14,46.77,3,2026-03-12,7,low,1500.0,0.0
171814,581,152,3.8224,112.75,54.35,8,2026-03-16,3,low,1500.0,0.0
174288,29,23,1.2609,62.6,20.91,4,2026-03-04,15,medium,1500.0,0.0
182042,142,80,1.775,75.68,49.48,3,2025-10-24,146,high,1500.0,1500.0
185036,6,4,1.5,50.73,6.78,1,2026-03-06,13,medium,1500.0,0.0
195134,7,7,1.0,98.82,17.28,1,2026-03-13,6,medium,1500.0,0.0
196571,177,95,1.8632,63.79,21.35,4,2026-03-18,1,medium,1500.0,0.0
196781,100,65,1.5385,56.88,20.09,2,2026-02-11,36,high,1500.0,1500.0
200833,47,30,1.5667,57.85,14.37,1,2026-03-01,18,medium,1500.0,0.0
203045,231,92,2.5109,72.77,36.0,3,2026-03-17,2,low,1500.0,0.0
212295,625,159,3.9308,96.77,55.98,9,2026-03-15,4,low,1500.0,0.0
217473,321,120,2.675,81.41,44.69,5,2026-03-14,5,low,1500.0,0.0
221371,73,44,1.6591,35.39,32.21,2,2026-03-08,11,medium,1500.0,0.0
226851,19,17,1.1176,67.59,21.49,1,2026-03-07,12,medium,1500.0,0.0
229190,79,43,1.8372,68.69,34.0,1,2026-02-26,21,medium,1500.0,0.0
240120,555,150,3.7,86.63,39.29,3,2026-03-18,1,low,1500.0,0.0
244128,6,5,1.2,85.08,78.3,1,2025-12-29,80,high,1500.0,1500.0
260784,368,148,2.4865,94.0,53.6,3,2026-03-12,7,low,1500.0,0.0
277072,314,87,3.6092,41.78,12.1,4,2026-03-13,6,low,1500.0,0.0
279317,38,25,1.52,58.65,16.56,5,2025-09-24,176,high,1500.0,1500.0
280024,52,40,1.3,35.18,11.24,1,2025-10-23,147,high,1500.0,1500.0
283321,147,91,1.6154,64.76,21.5,6,2026-03-15,4,medium,1500.0,0.0
284803,10,9,1.1111,88.84,21.19,1,2026-03-15,4,medium,1500.0,0.0
304412,2,2,1.0,65.88,8.6,2,2026-02-27,20,medium,1500.0,0.0
324779,231,85,2.7176,87.61,39.22,3,2026-03-13,6,low,1500.0,0.0
331586,517,148,3.4932,72.2,45.45,11,2026-03-16,3,low,1500.0,0.0
334217,32,21,1.5238,72.56,30.3,3,2026-03-15,4,medium,1500.0,0.0
336611,153,90,1.7,77.79,37.0,3,2025-10-12,158,high,1500.0,1500.0
337104,131,55,2.3818,107.87,61.44,6,2026-03-02,17,medium,1500.0,0.0
338866,91,56,1.625,117.36,64.07,1,2026-03-05,14,medium,1500.0,0.0
340439,149,85,1.7529,154.66,69.61,3,2026-03-10,9,medium,1500.0,0.0
342794,87,46,1.8913,107.53,75.4,2,2026-03-14,5,medium,1500.0,0.0
355088,92,41,2.2439,71.62,50.25,2,2026-03-13,6,low,1500.0,0.0
367324,110,57,1.9298,73.22,53.2,3,2026-03-11,8,medium,1500.0,0.0
368603,491,192,2.5573,93.57,48.17,6,2026-03-14,5,low,1500.0,0.0
371523,78,44,1.7727,79.94,48.55,2,2026-03-17,2,medium,1500.0,0.0
386784,36,22,1.6364,148.73,53.98,2,2026-02-28,19,medium,1500.0,0.0
407769,188,107,1.757,67.37,24.69,5,2026-01-29,49,high,1500.0,1500.0
419148,356,91,3.9121,161.84,54.09,1,2026-03-15,4,low,1500.0,0.0
429155,12,10,1.2,83.75,48.88,3,2026-03-07,12,medium,1500.0,0.0
430859,107,51,2.098,129.7,49.91,3,2026-03-17,2,low,1500.0,0.0
431375,215,87,2.4713,50.86,25.21,1,2026-03-12,7,low,1500.0,0.0
432096,575,167,3.4431,79.16,55.04,7,2026-03-11,8,medium,1500.0,0.0
433157,100,66,1.5152,55.05,40.98,3,2026-03-10,9,medium,1500.0,0.0
434265,34,29,1.1724,75.19,23.64,5,2026-03-05,14,medium,1500.0,0.0
437459,195,53,3.6792,78.19,45.04,5,2026-03-12,7,low,1500.0,0.0
458903,214,107,2.0,112.27,65.59,6,2026-03-13,6,low,1500.0,0.0
478585,309,111,2.7838,68.16,38.28,3,2026-03-17,2,low,1500.0,0.0
498804,205,68,3.0147,144.32,54.8,2,2026-03-13,6,low,1500.0,0.0
501555,188,66,2.8485,66.17,43.63,7,2026-03-15,4,low,1500.0,0.0
504709,6,3,2.0,69.55,16.68,1,2026-03-11,8,medium,1500.0,0.0
508935,741,203,3.6502,134.88,54.57,3,2026-03-12,7,low,1500.0,0.0
510054,717,173,4.1445,81.51,41.59,4,2026-03-16,3,low,1500.0,0.0
517351,66,36,1.8333,84.36,48.55,2,2026-02-08,39,high,1500.0,1500.0
519009,135,69,1.9565,130.49,82.25,3,2026-03-17,2,medium,1500.0,0.0
519257,60,44,1.3636,32.45,9.71,1,2025-11-13,126,high,1500.0,1500.0
525168,7,7,1.0,67.35,23.1,2,2026-01-06,72,high,1500.0,1500.0
538524,485,125,3.88,47.3,37.93,1,2026-02-08,39,high,1500.0,1500.0
556109,171,78,2.1923,86.68,53.67,3,2026-03-17,2,low,1500.0,0.0
584087,185,94,1.9681,104.2,63.07,3,2026-03-11,8,medium,1500.0,0.0
604703,312,110,2.8364,67.31,48.65,4,2026-03-16,3,low,1500.0,0.0
645560,1,1,1.0,76.67,0.0,1,2025-10-17,153,high,1500.0,1500.0
651716,416,68,6.1176,51.11,26.32,5,2026-03-17,2,low,1500.0,0.0
653747,505,183,2.7596,127.51,58.14,3,2026-03-12,7,low,1500.0,0.0
659522,62,41,1.5122,79.46,34.8,2,2026-02-27,20,medium,1500.0,0.0
681624,161,69,2.3333,92.17,53.91,5,2026-01-16,62,high,1500.0,1500.0
709097,35,26,1.3462,146.59,62.47,1,2026-03-15,4,medium,1500.0,0.0
715469,171,81,2.1111,100.87,41.13,2,2026-03-18,1,low,1500.0,0.0
722528,67,26,2.5769,114.5,60.72,4,2026-02-01,46,high,1500.0,1500.0
732008,150,92,1.6304,94.99,53.34,7,2025-10-07,163,high,1500.0,1500.0
738963,7,5,1.4,67.34,20.41,2,2026-01-21,57,high,1500.0,1500.0
745030,386,152,2.5395,58.11,38.6,4,2026-03-12,7,low,1500.0,0.0
751448,391,138,2.8333,82.84,38.76,1,2026-03-18,1,low,1500.0,0.0
753100,225,101,2.2277,88.99,49.36,2,2026-03-13,6,low,1500.0,0.0
757635,55,31,1.7742,117.21,69.18,2,2026-02-27,20,medium,1500.0,0.0
762872,318,149,2.1342,77.43,45.28,3,2026-03-10,9,medium,1500.0,0.0
764981,246,89,2.764,51.63,47.29,1,2026-03-18,1,low,1500.0,0.0
775277,273,132,2.0682,66.55,35.55,4,2026-03-12,7,low,1500.0,0.0
776483,204,98,2.0816,73.95,40.89,7,2026-03-18,1,low,1500.0,0.0
777141,328,90,3.6444,130.88,59.76,3,2026-03-13,6,low,1500.0,0.0
789985,188,93,2.0215,112.59,56.21,5,2026-03-16,3,low,1500.0,0.0
790873,8,6,1.3333,61.78,75.84,3,2025-11-22,117,high,1500.0,1500.0
791908,615,222,2.7703,117.24,64.03,9,2026-03-17,2,low,1500.0,0.0
797841,1140,156,7.3077,55.7,37.84,4,2026-03-07,12,medium,1500.0,0.0
804068,1003,249,4.0281,120.01,70.05,2,2025-12-08,101,high,1500.0,1500.0
804189,103,69,1.4928,99.42,44.79,8,2026-03-15,4,medium,1500.0,0.0
818925,104,62,1.6774,58.34,14.87,2,2026-03-17,2,medium,1500.0,0.0
824320,65,38,1.7105,102.03,56.44,2,2026-03-17,2,medium,1500.0,0.0
838899,141,66,2.1364,60.87,31.52,2,2026-03-12,7,low,1500.0,0.0
843368,102,63,1.619,157.19,47.44,2,2026-03-10,9,medium,1500.0,0.0
843607,296,118,2.5085,136.02,41.48,1,2026-03-13,6,low,1500.0,0.0
846598,522,189,2.7619,96.67,50.74,6,2026-03-14,5,low,1500.0,0.0
848177,12,9,1.3333,60.53,50.53,2,2026-02-22,25,high,1500.0,1500.0
848299,4,3,1.3333,71.55,25.76,1,2025-11-04,135,high,1500.0,1500.0
851531,482,203,2.3744,108.92,70.77,7,2026-03-15,4,low,1500.0,0.0
854368,62,43,1.4419,112.38,51.07,2,2026-02-06,41,high,1500.0,1500.0
854633,265,82,3.2317,61.24,42.96,4,2026-03-12,7,low,1500.0,0.0
857962,4,4,1.0,166.8,77.06,1,2026-03-07,12,medium,1500.0,0.0
860533,784,164,4.7805,66.48,46.68,3,2026-03-16,3,low,1500.0,0.0
863013,47,30,1.5667,76.05,38.87,5,2026-03-12,7,medium,1500.0,0.0
866771,1,1,1.0,67.87,0.0,1,2025-12-08,101,high,1500.0,1500.0
875281,57,27,2.1111,74.77,28.7,1,2026-03-18,1,low,1500.0,0.0
885462,222,70,3.1714,38.37,23.81,1,2026-03-13,6,low,1500.0,0.0
890789,559,83,6.7349,55.49,28.49,4,2026-03-18,1,low,1500.0,0.0
891479,71,32,2.2188,114.49,29.14,1,2026-03-18,1,low,1500.0,0.0
897592,23,16,1.4375,78.72,30.73,1,2026-02-26,21,medium,1500.0,0.0
903587,45,20,2.25,93.49,36.42,3,2025-10-31,139,high,1500.0,1500.0
907015,186,68,2.7353,63.95,44.07,3,2026-03-13,6,low,1500.0,0.0
942798,17,13,1.3077,77.98,26.67,3,2025-10-14,156,high,1500.0,1500.0
947554,292,98,2.9796,111.61,64.22,4,2026-03-18,1,low,1500.0,0.0
954504,88,53,1.6604,57.22,13.66,4,2026-01-17,61,high,1500.0,1500.0
971189,126,74,1.7027,73.24,31.75,6,2026-03-13,6,medium,1500.0,0.0
971350,317,94,3.3723,121.41,44.95,3,2026-03-13,6,low,1500.0,0.0
977853,7,4,1.75,129.41,12.83,2,2025-11-21,118,high,1500.0,1500.0
982359,303,102,2.9706,65.79,48.83,8,2026-03-16,3,low,1500.0,0.0
983950,398,154,2.5844,60.82,18.25,2,2026-03-16,3,low,1500.0,0.0
993057,208,63,3.3016,72.08,48.03,5,2026-03-18,1,low,1500.0,0.0
993718,410,126,3.254,86.42,57.23,5,2026-03-02,17,medium,1500.0,0.0
1009668,53,30,1.7667,51.24,17.47,1,2026-03-04,15,medium,1500.0,0.0
1023513,145,64,2.2656,60.7,36.34,3,2026-03-17,2,low,1500.0,0.0
1034368,55,41,1.3415,94.15,56.04,1,2025-10-15,155,high,1500.0,1500.0
1035156,100,55,1.8182,76.61,43.35,6,2026-03-13,6,medium,1500.0,0.0
1038205,42,31,1.3548,75.5,65.79,2,2026-03-15,4,medium,1500.0,0.0
1040960,224,65,3.4462,142.39,76.14,1,2026-03-14,5,low,1500.0,0.0
1041230,74,46,1.6087,135.79,70.8,3,2026-01-06,72,high,1500.0,1500.0
1048979,58,37,1.5676,79.73,38.28,4,2026-03-16,3,medium,1500.0,0.0
1049894,396,96,4.125,79.51,37.26,2,2025-11-22,117,high,1500.0,1500.0
1052460,62,37,1.6757,72.01,51.09,2,2026-03-17,2,medium,1500.0,0.0
1055288,245,133,1.8421,138.7,66.4,4,2026-03-15,4,medium,1500.0,0.0
1055977,74,42,1.7619,57.92,17.82,2,2026-03-18,1,medium,1500.0,0.0
1058434,210,91,2.3077,79.3,39.22,4,2026-03-17,2,low,1500.0,0.0
1060751,340,108,3.1481,97.09,49.98,3,2026-03-17,2,low,1500.0,0.0
1063624,1261,178,7.0843,69.0,44.33,6,2026-03-15,4,low,1500.0,0.0
1066105,45,35,1.2857,94.8,52.14,1,2026-03-02,17,medium,1500.0,0.0
1069797,97,53,1.8302,70.1,46.18,5,2026-03-12,7,medium,1500.0,0.0
1081719,22,14,1.5714,79.5,26.33,1,2025-12-07,102,high,1500.0,1500.0
1086745,292,134,2.1791,86.44,56.13,3,2026-03-04,15,medium,1500.0,0.0
1290266,85,56,1.5179,118.28,73.04,3,2026-03-18,1,medium,1500.0,0.0
1290773,253,131,1.9313,103.4,45.12,3,2026-03-17,2,medium,1500.0,0.0
1295505,378,119,3.1765,58.54,33.82,1,2026-03-17,2,low,1500.0,0.0
1295675,81,45,1.8,62.67,28.45,2,2026-03-08,11,medium,1500.0,0.0
1296384,9,8,1.125,165.47,59.66,1,2026-03-11,8,medium,1500.0,0.0
1314596,5,4,1.25,96.74,31.4,1,2026-02-27,20,medium,1500.0,0.0
1320822,61,46,1.3261,155.92,47.72,4,2026-02-09,38,high,1500.0,1500.0
1329120,47,31,1.5161,122.15,77.91,3,2026-03-16,3,medium,1500.0,0.0
1333222,162,82,1.9756,107.03,61.81,3,2026-03-12,7,medium,1500.0,0.0
1340801,5,5,1.0,163.55,81.3,1,2025-10-21,149,high,1500.0,1500.0
1342020,261,148,1.7635,111.11,64.34,2,2025-10-05,165,high,1500.0,1500.0
1343759,2,2,1.0,73.59,40.32,1,2025-11-25,114,high,1500.0,1500.0
1356350,114,64,1.7812,105.63,56.22,4,2026-03-01,18,medium,1500.0,0.0
1362730,215,121,1.7769,106.06,41.5,3,2025-10-31,139,high,1500.0,1500.0
1367691,110,59,1.8644,97.14,46.72,4,2026-03-10,9,medium,1500.0,0.0
1367925,50,30,1.6667,87.76,44.28,3,2026-02-26,21,medium,1500.0,0.0
1368888,40,22,1.8182,115.98,62.86,3,2026-02-27,20,medium,1500.0,0.0
1377236,229,106,2.1604,61.52,22.94,2,2026-03-14,5,low,1500.0,0.0
1384698,61,27,2.2593,58.96,51.89,2,2026-03-14,5,low,1500.0,0.0
1412034,10,7,1.4286,63.55,42.02,1,2026-03-15,4,medium,1500.0,0.0
1412615,124,65,1.9077,94.19,47.52,1,2026-03-05,14,medium,1500.0,0.0
1413935,270,97,2.7835,72.07,46.33,5,2026-03-16,3,low,1500.0,0.0
1417260,69,37,1.8649,74.99,43.43,5,2026-03-06,13,medium,1500.0,0.0
1423027,116,73,1.589,108.42,26.33,2,2026-03-15,4,medium,1500.0,0.0
1428766,121,84,1.4405,142.22,41.45,3,2025-12-27,82,high,1500.0,1500.0
1429328,88,40,2.2,86.35,45.64,3,2026-03-13,6,low,1500.0,0.0
1458980,23,17,1.3529,99.27,72.39,2,2025-09-28,172,high,1500.0,1500.0
1468536,217,103,2.1068,103.25,60.17,3,2026-03-13,6,low,1500.0,0.0
1470078,140,64,2.1875,73.5,46.28,3,2026-03-16,3,low,1500.0,0.0
1477239,264,112,2.3571,151.9,75.83,2,2026-03-05,14,medium,1500.0,0.0
1478830,21,10,2.1,131.44,79.35,1,2026-03-02,17,medium,1500.0,0.0
1481127,101,57,1.7719,80.51,38.51,3,2026-03-01,18,medium,1500.0,0.0
1483178,314,75,4.1867,57.71,37.84,6,2026-03-14,5,low,1500.0,0.0
1486987,107,64,1.6719,75.89,40.49,4,2026-02-20,27,high,1500.0,1500.0
1491659,19,12,1.5833,83.79,32.46,1,2026-01-24,54,high,1500.0,1500.0
1493217,4,3,1.3333,30.68,8.46,1,2025-10-02,168,high,1500.0,1500.0
1517642,60,47,1.2766,106.95,36.09,1,2026-03-10,9,medium,1500.0,0.0
1520156,751,205,3.6634,95.63,45.63,4,2026-03-14,5,low,1500.0,0.0
1530732,36,10,3.6,76.73,47.08,2,2026-03-13,6,low,1500.0,0.0
1534965,13,12,1.0833,75.61,52.71,6,2025-11-02,137,high,1500.0,1500.0
1541269,1,1,1.0,131.43,0.0,1,2026-02-04,43,high,1500.0,1500.0
1543833,119,73,1.6301,75.32,38.61,1,2025-12-23,86,high,1500.0,1500.0
1582750,7,6,1.1667,86.51,68.27,4,2025-11-23,116,high,1500.0,1500.0
1586927,5,3,1.6667,100.09,48.05,2,2025-09-30,170,high,1500.0,1500.0
1589193,125,92,1.3587,115.59,51.0,3,2026-03-12,7,medium,1500.0,0.0
1593295,206,104,1.9808,114.25,63.37,3,2026-03-11,8,medium,1500.0,0.0
1593645,287,74,3.8784,87.94,53.25,2,2026-03-18,1,low,1500.0,0.0
1598505,293,125,2.344,95.24,56.28,2,2026-03-18,1,low,1500.0,0.0
1599388,221,95,2.3263,125.63,40.47,1,2026-03-15,4,low,1500.0,0.0
1601558,230,66,3.4848,53.46,41.37,5,2026-03-14,5,low,1500.0,0.0
1603116,87,56,1.5536,57.05,49.44,1,2025-12-04,105,high,1500.0,1500.0
1609501,164,99,1.6566,82.66,46.33,4,2025-12-05,104,high,1500.0,1500.0
1609921,3,3,1.0,67.99,10.22,1,2026-03-05,14,medium,1500.0,0.0
1616449,321,101,3.1782,70.17,38.05,4,2025-10-14,156,high,1500.0,1500.0
1638160,34,31,1.0968,82.8,19.1,1,2026-03-18,1,medium,1500.0,0.0
1655221,406,115,3.5304,78.82,48.09,4,2026-03-15,4,low,1500.0,0.0
1663599,228,93,2.4516,82.46,60.64,4,2026-03-14,5,low,1500.0,0.0
1668573,81,49,1.6531,75.0,48.76,4,2026-01-23,55,high,1500.0,1500.0
1670340,319,112,2.8482,87.74,48.8,3,2026-03-14,5,low,1500.0,0.0
1675394,445,146,3.0479,76.17,36.09,4,2026-02-28,19,medium,1500.0,0.0
1676051,130,44,2.9545,76.52,52.13,5,2026-03-13,6,low,1500.0,0.0
1676449,25,16,1.5625,89.2,41.22,5,2026-03-04,15,medium,1500.0,0.0
1682336,414,120,3.45,99.31,44.36,2,2026-03-16,3,low,1500.0,0.0
1706844,675,234,2.8846,107.6,50.52,6,2026-03-18,1,low,1500.0,0.0
1707239,119,50,2.38,65.89,47.01,4,2026-03-12,7,low,1500.0,0.0
1708694,91,42,2.1667,107.3,60.49,4,2026-03-18,1,low,1500.0,0.0
1721981,146,56,2.6071,114.23,49.37,2,2026-03-13,6,low,1500.0,0.0
1725447,81,36,2.25,82.5,50.0,5,2025-12-30,79,high,1500.0,1500.0
1731481,187,112,1.6696,102.17,30.51,2,2026-03-01,18,medium,1500.0,0.0
1732973,210,77,2.7273,95.95,44.25,2,2026-03-14,5,low,1500.0,0.0
1737182,348,185,1.8811,132.82,76.3,4,2025-09-22,178,high,1500.0,1500.0
1737346,2,2,1.0,43.94,5.22,1,2025-12-20,89,high,1500.0,1500.0
1739586,41,25,1.64,107.86,62.54,1,2026-02-07,40,high,1500.0,1500.0
1749538,70,42,1.6667,84.39,55.28,3,2026-03-10,9,medium,1500.0,0.0
1760006,126,16,7.875,40.29,12.86,2,2026-03-18,1,low,1500.0,0.0
1771619,54,34,1.5882,142.78,69.03,3,2025-12-01,108,high,1500.0,1500.0
1779490,38,15,2.5333,111.12,48.59,2,2026-03-18,1,low,1500.0,0.0
1796601,261,65,4.0154,117.06,66.39,2,2026-03-05,14,medium,1500.0,0.0
1812737,79,41,1.9268,64.33,28.15,1,2026-03-07,12,medium,1500.0,0.0
1816756,103,45,2.2889,90.92,60.3,5,2026-03-18,1,low,1500.0,0.0
1818822,49,38,1.2895,90.82,62.74,1,2026-01-08,70,high,1500.0,1500.0
1818866,125,82,1.5244,92.46,58.86,10,2025-12-01,108,high,1500.0,1500.0
1820027,136,64,2.125,73.26,25.91,3,2026-02-08,39,high,1500.0,1500.0
1842744,386,128,3.0156,100.02,62.09,7,2026-03-02,17,medium,1500.0,0.0
1847703,40,26,1.5385,144.57,68.4,3,2026-01-11,67,high,1500.0,1500.0
1853801,29,19,1.5263,68.19,34.55,1,2026-03-14,5,medium,1500.0,0.0
1860957,44,33,1.3333,81.44,50.01,3,2025-09-20,180,high,1500.0,1500.0
1861050,2,2,1.0,80.64,5.13,1,2025-11-18,121,high,1500.0,1500.0
1875839,41,22,1.8636,164.88,60.7,2,2026-02-11,36,high,1500.0,1500.0
1878236,121,50,2.42,84.8,50.97,4,2026-03-17,2,low,1500.0,0.0
1882312,74,35,2.1143,126.99,72.37,3,2026-03-17,2,low,1500.0,0.0
1891382,143,89,1.6067,122.19,51.13,1,2025-10-20,150,high,1500.0,1500.0
1896530,79,28,2.8214,110.3,44.74,1,2026-01-25,53,high,1500.0,1500.0
1905237,4,4,1.0,144.72,22.89,1,2025-10-04,166,high,1500.0,1500.0
1907590,136,66,2.0606,98.6,62.6,5,2026-03-18,1,low,1500.0,0.0
1912029,260,121,2.1488,64.91,27.1,5,2026-03-13,6,low,1500.0,0.0
1932580,122,65,1.8769,100.09,48.86,2,2025-11-21,118,high,1500.0,1500.0
1939033,4,4,1.0,51.05,8.55,1,2026-03-16,3,medium,1500.0,0.0
1956196,437,111,3.9369,75.24,40.16,4,2026-03-13,6,low,1500.0,0.0
1956847,23,15,1.5333,81.47,46.3,3,2025-09-25,175,high,1500.0,1500.0
1957863,32,16,2.0,113.57,52.82,3,2026-02-27,20,medium,1500.0,0.0
1958069,63,42,1.5,65.38,22.87,2,2025-10-18,152,high,1500.0,1500.0
1958991,207,102,2.0294,139.59,57.92,1,2026-03-13,6,low,1500.0,0.0
1986853,189,74,2.5541,78.39,51.43,3,2026-03-18,1,low,1500.0,0.0
1998312,657,195,3.3692,162.32,49.62,6,2026-03-18,1,low,1500.0,0.0
2016429,25,20,1.25,55.78,31.34,2,2025-11-30,109,high,1500.0,1500.0
2020266,15,11,1.3636,176.0,85.13,1,2025-11-17,122,high,1500.0,1500.0
2033976,56,45,1.2444,57.66,7.43,1,2026-03-13,6,medium,1500.0,0.0
2060912,222,97,2.2887,52.97,39.16,4,2026-03-13,6,low,1500.0,0.0
2071522,196,87,2.2529,70.11,33.38,6,2026-03-18,1,low,1500.0,0.0
2076057,201,134,1.5,74.99,27.08,1,2025-11-05,134,high,1500.0,1500.0
2083091,32,22,1.4545,68.33,42.52,4,2026-03-04,15,medium,1500.0,0.0
2102320,641,182,3.522,149.69,57.74,4,2026-03-18,1,low,1500.0,0.0
2104631,202,84,2.4048,69.19,17.91,2,2026-03-17,2,low,1500.0,0.0
2115539,399,56,7.125,38.44,55.54,6,2026-02-27,20,medium,1500.0,0.0
2119401,309,115,2.687,77.09,44.32,3,2026-03-16,3,low,1500.0,0.0
2122136,175,84,2.0833,73.87,45.56,5,2026-03-18,1,low,1500.0,0.0
2145516,541,165,3.2788,96.64,67.22,5,2025-11-23,116,high,1500.0,1500.0
2145864,70,46,1.5217,132.01,33.87,1,2025-12-15,94,high,1500.0,1500.0
2149070,37,28,1.3214,127.52,83.49,3,2026-02-27,20,medium,1500.0,0.0
2155614,238,92,2.587,91.12,56.73,2,2026-03-14,5,low,1500.0,0.0
2155974,89,53,1.6792,53.0,37.71,3,2025-12-01,108,high,1500.0,1500.0
2159610,408,144,2.8333,120.5,69.76,9,2026-03-16,3,low,1500.0,0.0
2164708,108,69,1.5652,66.44,32.47,3,2026-01-16,62,high,1500.0,1500.0
2171721,16,11,1.4545,93.9,48.23,2,2025-11-14,125,high,1500.0,1500.0
2174810,144,95,1.5158,78.55,41.81,4,2026-03-15,4,medium,1500.0,0.0
2175400,138,64,2.1562,91.46,49.53,1,2026-03-15,4,low,1500.0,0.0
2181290,51,16,3.1875,51.43,26.77,1,2026-03-18,1,low,1500.0,0.0
2183651,15,9,1.6667,62.19,68.17,2,2026-03-18,1,medium,1500.0,0.0
2207788,79,51,1.549,60.38,22.96,4,2026-03-18,1,medium,1500.0,0.0
2209215,21,17,1.2353,53.56,8.57,1,2026-03-07,12,medium,1500.0,0.0
2218816,57,34,1.6765,39.31,21.98,1,2026-03-06,13,medium,1500.0,0.0
2226932,339,61,5.5574,55.37,41.09,3,2026-03-14,5,low,1500.0,0.0
2228208,52,19,2.7368,83.49,39.03,1,2026-03-13,6,low,1500.0,0.0
2232554,73,37,1.973,90.57,67.64,2,2026-03-08,11,medium,1500.0,0.0
2232580,17,14,1.2143,77.76,44.97,2,2026-03-12,7,medium,1500.0,0.0
2237368,72,32,2.25,94.14,54.96,3,2026-03-18,1,low,1500.0,0.0
2246153,29,24,1.2083,98.28,67.9,2,2026-03-09,10,medium,1500.0,0.0
2247009,15,12,1.25,102.65,36.78,1,2026-03-08,11,medium,1500.0,0.0
2248203,246,82,3.0,120.7,44.37,4,2026-03-14,5,low,1500.0,0.0
2255294,144,41,3.5122,97.13,65.03,1,2026-03-14,5,low,1500.0,0.0
2255761,4,3,1.3333,36.62,31.39,1,2025-11-19,120,high,1500.0,1500.0
2282039,493,137,3.5985,81.98,49.9,3,2026-03-07,12,medium,1500.0,0.0
2315790,107,52,2.0577,62.59,18.31,2,2026-03-17,2,low,1500.0,0.0
2333172,742,136,5.4559,74.9,53.42,5,2026-03-15,4,low,1500.0,0.0
2336853,128,52,2.4615,86.04,39.87,1,2026-03-12,7,low,1500.0,0.0
2344846,234,103,2.2718,122.4,55.63,5,2026-03-04,15,medium,1500.0,0.0
2357848,99,53,1.8679,156.34,57.55,2,2026-02-05,42,high,1500.0,1500.0
2359422,10,8,1.25,97.73,41.78,3,2026-02-27,20,medium,1500.0,0.0
2368480,48,33,1.4545,90.07,53.19,3,2026-03-08,11,medium,1500.0,0.0
2369854,180,79,2.2785,65.82,47.22,3,2026-03-13,6,low,1500.0,0.0
2390403,179,76,2.3553,58.71,14.14,1,2026-03-06,13,medium,1500.0,0.0
2404531,71,44,1.6136,109.16,55.89,2,2026-03-15,4,medium,1500.0,0.0
2419254,181,64,2.8281,114.48,75.05,2,2026-03-12,7,low,1500.0,0.0
2435099,144,56,2.5714,90.56,50.49,3,2026-03-13,6,low,1500.0,0.0
2445737,35,22,1.5909,61.4,32.58,2,2026-03-15,4,medium,1500.0,0.0
2461936,655,140,4.6786,66.5,28.15,2,2026-03-16,3,low,1500.0,0.0
2464640,2,2,1.0,70.86,35.91,1,2026-03-18,1,medium,1500.0,0.0
2474684,151,69,2.1884,126.43,58.27,5,2026-03-13,6,low,1500.0,0.0
2474825,318,98,3.2449,81.97,47.89,6,2026-03-02,17,medium,1500.0,0.0
2479025,386,125,3.088,87.29,59.73,4,2026-03-13,6,low,1500.0,0.0
2482049,143,61,2.3443,63.21,44.56,3,2026-03-17,2,low,1500.0,0.0
2484383,42,29,1.4483,64.99,33.54,2,2026-03-14,5,medium,1500.0,0.0
2484395,367,156,2.3526,79.05,54.94,4,2026-03-15,4,low,1500.0,0.0
2486861,782,230,3.4,141.95,60.5,4,2025-09-26,174,high,1500.0,1500.0
2487889,147,70,2.1,70.99,30.63,3,2026-03-06,13,medium,1500.0,0.0
2497422,274,93,2.9462,171.01,41.94,5,2026-03-16,3,low,1500.0,0.0
2535101,297,86,3.4535,87.64,58.67,4,2026-03-01,18,medium,1500.0,0.0
2568526,309,105,2.9429,79.31,31.5,4,2026-03-16,3,low,1500.0,0.0
2576672,47,15,3.1333,123.02,79.58,5,2026-03-14,5,low,1500.0,0.0
2582984,91,63,1.4444,140.92,68.71,4,2026-03-09,10,medium,1500.0,0.0
2584821,197,115,1.713,66.13,47.76,7,2026-03-14,5,medium,1500.0,0.0
2587134,275,52,5.2885,56.4,26.77,6,2026-03-09,10,medium,1500.0,0.0
2587574,212,98,2.1633,82.39,60.84,6,2025-09-26,174,high,1500.0,1500.0
2594030,60,29,2.069,96.54,39.2,1,2026-03-04,15,medium,1500.0,0.0
2595849,175,63,2.7778,140.46,68.18,4,2025-11-14,125,high,1500.0,1500.0
2596923,52,32,1.625,60.17,22.55,4,2026-03-10,9,medium,1500.0,0.0
2600099,606,149,4.0671,71.28,52.06,10,2026-03-16,3,low,1500.0,0.0
2612870,179,101,1.7723,78.48,33.27,4,2026-02-13,34,high,1500.0,1500.0
2625706,38,28,1.3571,78.13,25.52,2,2026-03-05,14,medium,1500.0,0.0
2636715,137,71,1.9296,84.13,47.57,4,2026-03-15,4,medium,1500.0,0.0
2649245,112,59,1.8983,89.5,53.41,3,2026-03-17,2,medium,1500.0,0.0
2649716,28,18,1.5556,116.57,64.04,2,2026-03-12,7,medium,1500.0,0.0
2661450,133,49,2.7143,60.84,21.89,3,2026-03-17,2,low,1500.0,0.0
2669847,7,4,1.75,118.5,74.05,2,2026-03-07,12,medium,1500.0,0.0
2675116,85,40,2.125,65.02,36.69,2,2026-03-13,6,low,1500.0,0.0
2692363,466,145,3.2138,69.7,42.44,6,2026-03-15,4,low,1500.0,0.0
2692384,120,54,2.2222,148.01,78.57,2,2026-03-13,6,low,1500.0,0.0
2699896,90,69,1.3043,139.74,65.37,3,2026-02-28,19,medium,1500.0,0.0
2717503,115,64,1.7969,74.98,34.82,1,2026-03-06,13,medium,1500.0,0.0
2719026,153,64,2.3906,71.83,41.53,5,2026-03-02,17,medium,1500.0,0.0
2719148,95,60,1.5833,77.72,40.91,1,2026-03-13,6,medium,1500.0,0.0
2726097,506,107,4.729,82.68,63.37,3,2026-03-16,3,low,1500.0,0.0
2734298,1301,185,7.0324,82.19,39.02,7,2026-03-12,7,low,1500.0,0.0
2738159,48,23,2.087,97.09,39.79,3,2026-03-13,6,low,1500.0,0.0
2740323,78,31,2.5161,135.99,79.67,2,2026-03-02,17,medium,1500.0,0.0
2748745,33,22,1.5,62.06,35.14,1,2026-02-28,19,medium,1500.0,0.0
2756792,21,15,1.4,111.82,50.2,3,2026-01-08,70,high,1500.0,1500.0
2774168,35,32,1.0938,62.33,21.8,2,2025-11-24,115,high,1500.0,1500.0
2794662,131,41,3.1951,97.89,66.91,2,2026-03-14,5,low,1500.0,0.0
2795796,36,25,1.44,79.81,47.01,1,2026-03-05,14,medium,1500.0,0.0
2805418,89,59,1.5085,94.91,50.92,3,2026-03-18,1,medium,1500.0,0.0
2831390,86,31,2.7742,81.87,53.2,5,2025-12-24,85,high,1500.0,1500.0
2844791,413,126,3.2778,101.99,56.3,3,2026-03-16,3,low,1500.0,0.0
2849785,427,151,2.8278,67.91,47.55,3,2026-03-17,2,low,1500.0,0.0
2853238,9,7,1.2857,64.27,8.18,2,2026-03-17,2,medium,1500.0,0.0
2856716,17,12,1.4167,76.45,29.97,3,2026-02-22,25,high,1500.0,1500.0
2868369,230,52,4.4231,47.18,39.9,4,2026-03-16,3,low,1500.0,0.0
2887449,188,61,3.082,136.46,55.98,1,2026-03-16,3,low,1500.0,0.0
2887587,151,72,2.0972,80.3,39.79,3,2026-03-16,3,low,1500.0,0.0
2894897,732,201,3.6418,86.75,54.15,12,2026-03-08,11,medium,1500.0,0.0
2898275,152,60,2.5333,65.65,29.85,2,2026-03-14,5,low,1500.0,0.0
2909018,541,194,2.7887,178.9,37.88,2,2026-03-12,7,low,1500.0,0.0
2915343,200,140,1.4286,66.21,31.07,3,2026-02-26,21,medium,1500.0,0.0
2934877,129,65,1.9846,45.41,28.41,2,2025-10-27,143,high,1500.0,1500.0
2941284,482,160,3.0125,114.31,58.93,6,2026-03-08,11,medium,1500.0,0.0
2974312,339,110,3.0818,63.35,34.72,5,2026-02-26,21,medium,1500.0,0.0
2994297,29,17,1.7059,62.44,45.19,1,2026-02-14,33,high,1500.0,1500.0
2998566,13,12,1.0833,81.01,41.24,1,2026-02-07,40,high,1500.0,1500.0
3021311,468,139,3.3669,84.65,43.75,6,2026-03-14,5,low,1500.0,0.0
3021842,152,67,2.2687,129.65,72.08,3,2026-03-15,4,low,1500.0,0.0
3029335,81,30,2.7,87.11,61.68,1,2026-02-08,39,high,1500.0,1500.0
3041144,132,60,2.2,108.27,39.25,5,2026-03-12,7,low,1500.0,0.0
3055418,112,46,2.4348,59.12,23.11,1,2026-02-26,21,medium,1500.0,0.0
3060590,292,73,4.0,83.84,29.91,4,2026-03-13,6,low,1500.0,0.0
3069074,246,110,2.2364,150.97,77.03,4,2026-03-16,3,low,1500.0,0.0
3082409,235,98,2.398,74.63,50.7,4,2026-03-11,8,medium,1500.0,0.0
3083777,30,24,1.25,99.76,61.4,2,2026-02-27,20,medium,1500.0,0.0
3085942,51,26,1.9615,60.1,13.05,1,2026-02-26,21,medium,1500.0,0.0
3088466,191,103,1.8544,83.81,43.56,1,2026-01-18,60,high,1500.0,1500.0
3089500,522,92,5.6739,66.27,61.13,5,2026-03-06,13,medium,1500.0,0.0
3091798,198,86,2.3023,73.4,46.25,2,2026-03-17,2,low,1500.0,0.0
3122949,301,81,3.716,132.06,70.34,6,2026-03-04,15,medium,1500.0,0.0
3135320,101,38,2.6579,150.1,46.75,2,2025-12-17,92,high,1500.0,1500.0
3167841,47,32,1.4688,55.14,18.03,2,2026-03-13,6,medium,1500.0,0.0
3191096,347,131,2.6489,49.06,37.14,3,2026-03-12,7,low,1500.0,0.0
3210780,37,28,1.3214,153.5,64.76,2,2026-03-18,1,medium,1500.0,0.0
3227742,152,68,2.2353,95.35,46.14,8,2026-03-13,6,low,1500.0,0.0
3232625,282,39,7.2308,49.76,13.3,2,2026-03-02,17,medium,1500.0,0.0
3235195,256,119,2.1513,72.38,47.4,3,2026-03-01,18,medium,1500.0,0.0
3262231,43,16,2.6875,38.79,28.23,1,2026-03-01,18,medium,1500.0,0.0
3268225,16,13,1.2308,69.3,17.21,1,2026-03-12,7,medium,1500.0,0.0
3272464,87,39,2.2308,135.15,75.67,2,2026-03-17,2,low,1500.0,0.0
3275003,335,115,2.913,68.06,39.29,3,2026-03-05,14,medium,1500.0,0.0
3276737,425,134,3.1716,67.76,43.2,6,2026-03-18,1,low,1500.0,0.0
3285176,2,2,1.0,80.32,28.3,1,2025-12-03,106,high,1500.0,1500.0
3288898,169,82,2.061,71.29,22.16,2,2026-03-18,1,low,1500.0,0.0
3289673,533,146,3.6507,109.96,67.84,3,2026-03-03,16,medium,1500.0,0.0
3297710,283,103,2.7476,58.8,32.99,2,2026-03-14,5,low,1500.0,0.0
3301823,79,51,1.549,111.83,26.73,2,2025-12-04,105,high,1500.0,1500.0
3303712,2,2,1.0,49.72,7.41,1,2026-01-01,77,high,1500.0,1500.0
3316311,214,81,2.642,101.91,51.76,3,2026-03-14,5,low,1500.0,0.0
3317373,174,93,1.871,81.41,24.18,1,2026-03-03,16,medium,1500.0,0.0
3320904,1,1,1.0,10.87,0.0,1,2026-03-15,4,medium,1500.0,0.0
3324472,527,143,3.6853,75.44,48.32,3,2026-03-12,7,low,1500.0,0.0
3325031,46,35,1.3143,81.38,48.67,5,2026-03-14,5,medium,1500.0,0.0
3327597,330,182,1.8132,232.6,47.68,3,2026-01-02,76,high,1500.0,1500.0
3347250,577,224,2.5759,98.73,58.9,3,2026-03-04,15,medium,1500.0,0.0
3351234,409,111,3.6847,86.77,35.93,4,2026-03-12,7,low,1500.0,0.0
3362051,52,24,2.1667,76.22,56.75,1,2026-03-15,4,low,1500.0,0.0
3365457,67,66,1.0152,84.06,26.28,1,2026-03-10,9,medium,1500.0,0.0
3375182,91,53,1.717,96.18,55.04,5,2025-10-12,158,high,1500.0,1500.0
3377565,62,33,1.8788,103.21,45.56,4,2026-03-02,17,medium,1500.0,0.0
3381703,428,128,3.3438,75.5,39.19,5,2026-03-15,4,low,1500.0,0.0
3411439,514,157,3.2739,69.34,42.13,7,2026-03-12,7,low,1500.0,0.0
3417701,116,29,4.0,54.12,38.78,6,2026-03-18,1,low,1500.0,0.0
3432842,367,137,2.6788,68.95,42.43,4,2026-03-16,3,low,1500.0,0.0
3438751,317,148,2.1419,77.71,49.3,4,2026-03-15,4,low,1500.0,0.0
3439813,233,62,3.7581,99.65,54.34,1,2026-03-18,1,low,1500.0,0.0
3445572,340,82,4.1463,75.74,41.69,4,2026-03-12,7,low,1500.0,0.0
3469220,243,98,2.4796,65.37,33.11,2,2026-03-16,3,low,1500.0,0.0
3471841,48,29,1.6552,81.2,39.18,1,2025-09-25,175,high,1500.0,1500.0
3472071,120,56,2.1429,57.04,29.48,3,2026-03-13,6,low,1500.0,0.0
3477404,51,40,1.275,150.98,65.56,2,2026-03-16,3,medium,1500.0,0.0
3509206,9,6,1.5,67.78,38.91,2,2026-03-12,7,medium,1500.0,0.0
3517326,74,28,2.6429,84.1,50.81,1,2026-03-12,7,low,1500.0,0.0
3537163,335,50,6.7,71.51,56.64,4,2026-03-12,7,low,1500.0,0.0
3545637,21,18,1.1667,82.73,45.61,3,2026-01-22,56,high,1500.0,1500.0
3556695,264,108,2.4444,119.0,57.78,8,2026-03-14,5,low,1500.0,0.0
3558042,244,108,2.2593,82.74,54.64,2,2026-03-13,6,low,1500.0,0.0
3559941,356,146,2.4384,69.01,49.55,6,2026-03-17,2,low,1500.0,0.0
3575734,496,149,3.3289,82.02,39.84,6,2026-03-16,3,low,1500.0,0.0
3576105,148,59,2.5085,47.39,22.34,2,2026-03-12,7,low,1500.0,0.0
3616044,25,18,1.3889,105.68,36.98,1,2026-03-08,11,medium,1500.0,0.0
3655927,287,125,2.296,88.08,41.16,8,2026-02-28,19,medium,1500.0,0.0
3664548,58,34,1.7059,49.09,38.06,1,2026-02-27,20,medium,1500.0,0.0
3668539,56,34,1.6471,34.14,7.92,2,2025-12-12,97,high,1500.0,1500.0
3672721,314,84,3.7381,90.33,50.16,2,2026-03-17,2,low,1500.0,0.0
3680369,106,64,1.6562,87.43,58.16,4,2025-10-19,151,high,1500.0,1500.0
3689976,68,30,2.2667,60.93,40.81,2,2026-03-05,14,medium,1500.0,0.0
3691161,93,51,1.8235,69.72,28.81,1,2026-03-09,10,medium,1500.0,0.0
3700284,235,117,2.0085,141.77,67.37,3,2026-03-16,3,low,1500.0,0.0
3701695,1,1,1.0,55.33,0.0,1,2025-11-14,125,high,1500.0,1500.0
3702346,118,68,1.7353,84.04,53.55,4,2026-02-26,21,medium,1500.0,0.0
3704065,25,16,1.5625,114.55,63.3,3,2026-03-15,4,medium,1500.0,0.0
3709276,186,109,1.7064,77.79,40.28,3,2025-10-31,139,high,1500.0,1500.0
3714939,1115,254,4.3898,83.87,61.24,2,2026-03-18,1,low,1500.0,0.0
3725029,45,18,2.5,92.13,61.7,2,2026-03-14,5,low,1500.0,0.0
3736342,431,127,3.3937,66.32,26.39,3,2026-03-18,1,low,1500.0,0.0
3738748,74,45,1.6444,101.5,55.43,2,2026-02-28,19,medium,1500.0,0.0
3743021,36,31,1.1613,105.75,60.72,2,2026-03-16,3,medium,1500.0,0.0
3748741,493,106,4.6509,107.88,44.62,2,2026-03-14,5,low,1500.0,0.0
3769844,11,9,1.2222,139.33,39.78,2,2026-03-16,3,medium,1500.0,0.0
3799875,32,25,1.28,67.16,21.57,7,2025-12-16,93,high,1500.0,1500.0
3808596,162,93,1.7419,129.39,50.11,2,2026-03-17,2,medium,1500.0,0.0
3820045,208,88,2.3636,79.19,44.75,2,2026-03-17,2,low,1500.0,0.0
3824420,8,6,1.3333,54.08,10.24,1,2026-03-16,3,medium,1500.0,0.0
3832297,51,32,1.5938,56.7,20.84,2,2026-03-16,3,medium,1500.0,0.0
3841089,326,101,3.2277,44.24,12.42,2,2026-03-12,7,low,1500.0,0.0
3867177,12,6,2.0,128.13,63.31,1,2026-03-17,2,low,1500.0,0.0
3905196,155,90,1.7222,57.22,20.39,4,2026-03-15,4,medium,1500.0,0.0
3908642,344,120,2.8667,62.06,30.84,5,2026-03-15,4,low,1500.0,0.0
3916526,58,27,2.1481,100.57,42.57,3,2026-03-01,18,medium,1500.0,0.0
3918301,96,52,1.8462,47.3,12.81,3,2026-03-17,2,medium,1500.0,0.0
3951504,102,72,1.4167,180.41,70.36,3,2026-03-16,3,medium,1500.0,0.0
3987593,521,138,3.7754,81.62,61.73,4,2026-03-12,7,low,1500.0,0.0
3992841,113,74,1.527,49.74,43.18,2,2026-03-14,5,medium,1500.0,0.0
3993407,59,32,1.8438,139.27,49.76,3,2026-03-17,2,medium,1500.0,0.0
4003530,33,28,1.1786,61.07,10.56,1,2026-03-12,7,medium,1500.0,0.0
4006330,293,98,2.9898,74.88,36.11,4,2026-03-12,7,low,1500.0,0.0
4007546,426,124,3.4355,67.43,35.04,1,2026-03-14,5,low,1500.0,0.0
4009109,276,132,2.0909,103.61,45.81,5,2026-03-16,3,low,1500.0,0.0
4025656,17,12,1.4167,51.46,29.31,1,2026-02-04,43,high,1500.0,1500.0
4026257,1,1,1.0,94.08,0.0,1,2026-03-12,7,medium,1500.0,0.0
4045488,2,2,1.0,59.37,6.67,1,2026-03-17,2,medium,1500.0,0.0
4054786,71,42,1.6905,174.66,55.75,1,2026-03-14,5,medium,1500.0,0.0
4057523,71,38,1.8684,68.08,41.65,5,2026-03-14,5,medium,1500.0,0.0
4059417,20,17,1.1765,121.27,35.66,2,2026-03-08,11,medium,1500.0,0.0
4066580,2,1,2.0,147.03,48.44,1,2026-03-03,16,medium,1500.0,0.0
4124709,107,50,2.14,63.13,30.02,2,2026-03-17,2,low,1500.0,0.0
4131540,187,83,2.253,78.33,42.35,5,2026-03-13,6,low,1500.0,0.0
4133458,85,38,2.2368,55.52,20.07,1,2026-03-12,7,low,1500.0,0.0
4146688,457,136,3.3603,56.41,33.86,2,2026-03-01,18,medium,1500.0,0.0
4161100,9,6,1.5,58.6,23.63,1,2026-03-17,2,medium,1500.0,0.0
4161148,118,60,1.9667,102.22,53.47,1,2026-02-27,20,medium,1500.0,0.0
4164701,317,99,3.202,85.64,47.6,4,2026-03-12,7,low,1500.0,0.0
4176041,18,15,1.2,58.86,25.29,1,2026-02-26,21,medium,1500.0,0.0
4177391,52,39,1.3333,79.72,34.3,1,2026-02-02,45,high,1500.0,1500.0
4198916,116,49,2.3673,101.23,48.0,2,2026-03-07,12,medium,1500.0,0.0
4203888,133,58,2.2931,68.53,29.96,3,2026-03-16,3,low,1500.0,0.0
4226525,125,69,1.8116,84.96,60.53,2,2026-03-08,11,medium,1500.0,0.0
4233611,174,47,3.7021,97.21,50.65,1,2026-03-13,6,low,1500.0,0.0
4253141,229,76,3.0132,106.23,70.6,3,2026-03-18,1,low,1500.0,0.0
4264744,274,94,2.9149,48.92,27.22,2,2026-03-16,3,low,1500.0,0.0
4264913,154,63,2.4444,78.47,28.33,1,2026-03-18,1,low,1500.0,0.0
4296404,216,80,2.7,93.17,47.86,3,2026-02-28,19,medium,1500.0,0.0
4313124,10,8,1.25,46.32,29.75,1,2025-11-05,134,high,1500.0,1500.0
4318337,48,32,1.5,63.55,18.3,1,2026-03-18,1,medium,1500.0,0.0
4321971,97,63,1.5397,90.36,42.59,3,2026-02-27,20,medium,1500.0,0.0
4325326,14,12,1.1667,79.08,48.65,2,2026-03-13,6,medium,1500.0,0.0
4330976,183,79,2.3165,65.87,50.08,3,2026-03-17,2,low,1500.0,0.0
4341373,20,11,1.8182,77.99,46.55,2,2026-03-13,6,medium,1500.0,0.0
4350897,48,40,1.2,149.36,52.97,1,2025-12-07,102,high,1500.0,1500.0
4357738,57,36,1.5833,61.61,23.78,1,2026-03-12,7,medium,1500.0,0.0
4362441,241,76,3.1711,80.39,28.2,1,2026-02-23,24,high,1500.0,1500.0
4363552,190,79,2.4051,108.1,55.66,4,2026-03-16,3,low,1500.0,0.0
4390235,132,85,1.5529,115.95,43.58,3,2026-02-05,42,high,1500.0,1500.0
4399772,580,176,3.2955,128.85,46.79,4,2026-03-06,13,medium,1500.0,0.0
4403506,496,143,3.4685,135.25,46.96,2,2026-03-15,4,low,1500.0,0.0
4419649,34,24,1.4167,64.5,32.75,3,2026-03-13,6,medium,1500.0,0.0
4428422,161,77,2.0909,92.83,53.54,2,2026-03-18,1,low,1500.0,0.0
4433918,102,38,2.6842,91.05,53.77,6,2026-03-16,3,low,1500.0,0.0
4439016,560,233,2.4034,109.18,73.65,6,2026-03-02,17,medium,1500.0,0.0
4443471,120,75,1.6,106.47,55.07,3,2026-03-18,1,medium,1500.0,0.0
4446822,747,102,7.3235,52.1,30.94,2,2026-03-14,5,low,1500.0,0.0
4457345,162,53,3.0566,57.19,40.59,4,2026-02-28,19,medium,1500.0,0.0
4476375,290,99,2.9293,108.39,66.72,2,2026-03-17,2,low,1500.0,0.0
4496645,553,104,5.3173,119.39,64.31,2,2026-03-15,4,low,1500.0,0.0
4518433,254,119,2.1345,93.07,41.64,1,2026-03-16,3,low,1500.0,0.0
4535678,830,239,3.4728,80.47,18.67,2,2026-03-01,18,medium,1500.0,0.0
4536750,41,21,1.9524,79.16,40.31,2,2025-11-27,112,high,1500.0,1500.0
4564626,117,49,2.3878,71.72,55.62,8,2026-02-02,45,high,1500.0,1500.0
4572860,230,87,2.6437,71.86,56.61,6,2026-03-16,3,low,1500.0,0.0
4583265,78,45,1.7333,129.36,51.43,2,2026-03-18,1,medium,1500.0,0.0
4584909,289,111,2.6036,77.64,28.45,2,2026-03-13,6,low,1500.0,0.0
4595683,5,3,1.6667,95.79,24.74,2,2026-02-26,21,medium,1500.0,0.0
4615477,84,67,1.2537,76.17,54.58,2,2026-02-11,36,high,1500.0,1500.0
4634912,11,7,1.5714,75.17,35.26,1,2026-03-09,10,medium,1500.0,0.0
4654918,27,15,1.8,51.9,32.49,2,2026-03-14,5,medium,1500.0,0.0
4668578,181,74,2.4459,82.16,34.0,2,2026-01-14,64,high,1500.0,1500.0
4668828,73,31,2.3548,82.39,76.49,1,2026-03-17,2,low,1500.0,0.0
4671209,30,20,1.5,122.5,64.52,1,2025-09-22,178,high,1500.0,1500.0
4675763,194,63,3.0794,83.3,37.14,2,2026-03-12,7,low,1500.0,0.0
4693937,24,16,1.5,79.99,37.09,4,2026-02-27,20,medium,1500.0,0.0
4727641,20,18,1.1111,92.2,72.13,3,2025-11-01,138,high,1500.0,1500.0
4752000,56,29,1.931,81.46,37.3,1,2026-03-06,13,medium,1500.0,0.0
4774109,545,136,4.0074,94.92,44.26,1,2026-03-04,15,medium,1500.0,0.0
4796418,152,46,3.3043,57.33,38.79,6,2026-03-04,15,medium,1500.0,0.0
4832531,497,151,3.2914,111.91,62.33,6,2026-03-13,6,low,1500.0,0.0
4836713,10,8,1.25,102.73,30.19,1,2026-03-13,6,medium,1500.0,0.0
4852170,274,72,3.8056,110.27,36.17,4,2026-02-27,20,medium,1500.0,0.0
4868692,40,20,2.0,41.76,5.91,2,2026-03-04,15,medium,1500.0,0.0
4886757,2,2,1.0,54.61,2.32,1,2026-03-18,1,medium,1500.0,0.0
4905815,47,25,1.88,86.15,52.21,3,2025-12-15,94,high,1500.0,1500.0
4938238,51,37,1.3784,63.88,35.62,5,2026-02-22,25,high,1500.0,1500.0
4969375,139,77,1.8052,94.53,48.58,3,2026-02-28,19,medium,1500.0,0.0
4973835,53,25,2.12,50.86,34.94,4,2026-03-01,18,medium,1500.0,0.0
4979907,48,29,1.6552,89.57,46.34,3,2026-03-03,16,medium,1500.0,0.0
4997910,821,162,5.0679,57.36,42.54,3,2026-03-16,3,low,1500.0,0.0
4998101,294,49,6.0,52.68,37.73,4,2026-03-16,3,low,1500.0,0.0
5000185,55,30,1.8333,138.2,45.82,2,2026-03-06,13,medium,1500.0,0.0
5032597,221,122,1.8115,138.13,49.58,8,2025-12-07,102,high,1500.0,1500.0
5035433,234,109,2.1468,169.67,47.47,3,2026-03-15,4,low,1500.0,0.0
5063358,78,42,1.8571,80.91,33.9,3,2026-03-06,13,medium,1500.0,0.0
5072565,238,73,3.2603,70.47,36.88,10,2026-03-16,3,low,1500.0,0.0
5086939,107,52,2.0577,45.63,10.24,3,2026-03-16,3,low,1500.0,0.0
5095069,157,61,2.5738,66.95,38.9,5,2026-03-14,5,low,1500.0,0.0
5097670,148,47,3.1489,97.54,66.89,2,2025-11-02,137,high,1500.0,1500.0
5106976,70,58,1.2069,62.53,32.92,2,2026-03-17,2,medium,1500.0,0.0
5107134,149,64,2.3281,73.97,48.34,3,2026-03-03,16,medium,1500.0,0.0
5164930,25,19,1.3158,92.72,51.27,4,2026-03-12,7,medium,1500.0,0.0
5170013,13,11,1.1818,156.56,74.64,2,2026-03-12,7,medium,1500.0,0.0
5173214,34,26,1.3077,122.86,24.21,2,2026-03-09,10,medium,1500.0,0.0
5180701,53,17,3.1176,84.98,48.95,2,2026-03-15,4,low,1500.0,0.0
5202682,44,28,1.5714,137.95,55.46,2,2026-03-17,2,medium,1500.0,0.0
5210077,184,113,1.6283,136.57,81.16,2,2026-03-10,9,medium,1500.0,0.0
5242117,131,62,2.1129,56.91,19.22,4,2026-03-12,7,low,1500.0,0.0
5252259,23,15,1.5333,149.4,57.65,1,2026-02-27,20,medium,1500.0,0.0
5255745,188,96,1.9583,70.19,48.31,2,2026-03-18,1,medium,1500.0,0.0
5268649,60,35,1.7143,110.78,61.33,1,2026-03-16,3,medium,1500.0,0.0
5269471,35,23,1.5217,68.49,26.62,1,2025-10-27,143,high,1500.0,1500.0
5273972,2,1,2.0,54.16,17.48,1,2026-02-09,38,high,1500.0,1500.0
5278840,507,96,5.2812,65.08,57.76,4,2025-09-22,178,high,1500.0,1500.0
5298016,68,44,1.5455,73.77,35.41,4,2025-11-24,115,high,1500.0,1500.0
5306319,120,26,4.6154,45.07,25.71,1,2026-03-18,1,low,1500.0,0.0
5325166,247,128,1.9297,89.48,45.79,4,2026-03-17,2,medium,1500.0,0.0
5337796,2,2,1.0,68.68,0.15,1,2026-03-15,4,medium,1500.0,0.0
5346265,325,91,3.5714,85.69,60.54,3,2026-03-01,18,medium,1500.0,0.0
5346596,208,96,2.1667,96.36,45.23,4,2026-03-14,5,low,1500.0,0.0
5358123,21,5,4.2,61.5,59.56,1,2026-03-18,1,low,1500.0,0.0
5386323,120,41,2.9268,103.7,60.14,2,2026-03-17,2,low,1500.0,0.0
5407179,211,89,2.3708,53.43,21.77,3,2026-03-06,13,medium,1500.0,0.0
5421474,2,2,1.0,52.32,6.12,2,2025-11-25,114,high,1500.0,1500.0
5435152,134,71,1.8873,108.31,39.04,2,2026-03-13,6,medium,1500.0,0.0
5453063,74,36,2.0556,114.19,68.47,4,2026-03-16,3,low,1500.0,0.0
5481957,245,54,4.537,51.92,20.76,2,2026-03-11,8,medium,1500.0,0.0
5486878,365,85,4.2941,111.32,38.62,6,2026-03-13,6,low,1500.0,0.0
5507899,128,48,2.6667,95.97,46.23,5,2025-12-23,86,high,1500.0,1500.0
5525152,66,36,1.8333,66.76,28.43,1,2026-02-06,41,high,1500.0,1500.0
5539676,19,17,1.1176,92.37,52.01,1,2026-03-16,3,medium,1500.0,0.0
5547218,74,30,2.4667,62.09,27.74,2,2026-03-08,11,medium,1500.0,0.0
5551642,36,26,1.3846,87.93,53.17,1,2026-03-14,5,medium,1500.0,0.0
5554061,14,14,1.0,47.72,29.3,1,2026-03-06,13,medium,1500.0,0.0
5605316,2,2,1.0,152.76,128.38,2,2026-03-12,7,medium,1500.0,0.0
5607830,144,89,1.618,77.0,48.4,2,2025-11-05,134,high,1500.0,1500.0
5629523,474,130,3.6462,159.27,58.1,1,2026-03-01,18,medium,1500.0,0.0
5635059,2,2,1.0,59.74,7.65,1,2026-03-07,12,medium,1500.0,0.0
5641621,572,120,4.7667,91.3,46.45,1,2026-03-16,3,low,1500.0,0.0
5671712,2,1,2.0,58.4,3.16,1,2026-03-17,2,low,1500.0,0.0
5727574,522,129,4.0465,89.79,45.51,12,2026-02-14,33,high,1500.0,1500.0
5746423,397,124,3.2016,93.65,30.34,3,2026-02-27,20,medium,1500.0,0.0
5836671,35,27,1.2963,70.04,39.94,1,2026-03-08,11,medium,1500.0,0.0
5839886,88,51,1.7255,68.12,24.42,5,2026-03-05,14,medium,1500.0,0.0
5850177,40,27,1.4815,90.11,47.8,1,2026-02-28,19,medium,1500.0,0.0
5852978,97,43,2.2558,142.47,53.47,1,2026-03-15,4,low,1500.0,0.0
5929760,47,32,1.4688,105.33,39.65,4,2026-03-17,2,medium,1500.0,0.0
5936849,268,70,3.8286,65.9,22.89,2,2026-03-12,7,low,1500.0,0.0
5946470,37,24,1.5417,53.11,23.65,2,2026-02-02,45,high,1500.0,1500.0
5964610,159,79,2.0127,91.83,58.22,4,2026-03-17,2,low,1500.0,0.0
5971071,235,73,3.2192,132.87,47.16,2,2026-03-17,2,low,1500.0,0.0
5979382,512,159,3.2201,96.14,52.84,2,2026-03-17,2,low,1500.0,0.0
5986686,113,55,2.0545,48.35,18.85,3,2026-03-17,2,low,1500.0,0.0
6000431,307,136,2.2574,96.32,59.9,4,2026-03-12,7,low,1500.0,0.0
6044358,128,45,2.8444,100.35,65.2,5,2026-03-18,1,low,1500.0,0.0
6055485,4,3,1.3333,54.51,6.77,1,2026-03-05,14,medium,1500.0,0.0
6064655,3,2,1.5,43.23,27.98,3,2026-03-02,17,medium,1500.0,0.0
6069440,46,28,1.6429,98.43,37.21,4,2026-01-27,51,high,1500.0,1500.0
6080660,108,55,1.9636,71.21,50.45,2,2025-10-19,151,high,1500.0,1500.0
6091689,45,31,1.4516,141.19,64.1,3,2026-03-01,18,medium,1500.0,0.0
6107778,41,33,1.2424,68.38,37.7,2,2026-03-13,6,medium,1500.0,0.0
6113340,385,133,2.8947,78.57,37.13,3,2026-03-12,7,low,1500.0,0.0
6125990,16,11,1.4545,157.63,79.23,3,2026-03-12,7,medium,1500.0,0.0
6162923,48,32,1.5,61.32,10.96,2,2026-01-02,76,high,1500.0,1500.0
6176971,120,72,1.6667,137.51,71.54,3,2026-03-11,8,medium,1500.0,0.0
6194859,34,26,1.3077,109.15,51.05,1,2025-10-29,141,high,1500.0,1500.0
6216280,230,87,2.6437,76.09,29.51,6,2026-03-17,2,low,1500.0,0.0
6223138,86,44,1.9545,122.44,68.36,2,2026-02-27,20,medium,1500.0,0.0
6229563,104,60,1.7333,129.82,67.87,3,2026-03-01,18,medium,1500.0,0.0
6242372,106,58,1.8276,113.7,78.69,4,2026-02-25,22,high,1500.0,1500.0
6272219,21,14,1.5,55.78,48.13,3,2026-03-12,7,medium,1500.0,0.0
6275481,35,21,1.6667,175.74,54.0,1,2026-03-11,8,medium,1500.0,0.0
6286628,314,68,4.6176,85.73,43.74,3,2026-03-15,4,low,1500.0,0.0
6296204,295,89,3.3146,104.7,40.65,1,2026-03-17,2,low,1500.0,0.0
6299290,28,9,3.1111,66.97,45.35,2,2026-03-17,2,low,1500.0,0.0
6307695,53,40,1.325,74.57,39.79,5,2026-03-12,7,medium,1500.0,0.0
6342136,226,99,2.2828,71.87,39.48,2,2026-03-01,18,medium,1500.0,0.0
6361870,23,17,1.3529,65.01,28.51,1,2025-12-14,95,high,1500.0,1500.0
6369324,89,11,8.0909,26.5,2.18,1,2026-03-18,1,low,1500.0,0.0
6394052,2,2,1.0,51.96,7.2,1,2025-12-12,97,high,1500.0,1500.0
6396824,30,19,1.5789,105.52,73.77,2,2026-03-15,4,medium,1500.0,0.0
6400833,1,1,1.0,123.3,0.0,1,2026-01-28,50,high,1500.0,1500.0
6422295,222,100,2.22,63.71,39.6,4,2026-03-03,16,medium,1500.0,0.0
6468697,20,10,2.0,85.56,35.28,1,2026-03-18,1,low,1500.0,0.0
6479229,1,1,1.0,79.15,0.0,1,2025-10-30,140,high,1500.0,1500.0
6493363,331,111,2.982,103.0,53.8,6,2025-10-29,141,high,1500.0,1500.0
6502384,2,2,1.0,86.02,48.45,1,2026-03-01,18,medium,1500.0,0.0
6505421,19,10,1.9,79.92,63.98,2,2026-03-14,5,medium,1500.0,0.0
6532016,80,58,1.3793,61.51,19.89,2,2025-11-04,135,high,1500.0,1500.0
6539051,104,30,3.4667,58.54,38.13,2,2026-03-06,13,medium,1500.0,0.0
6572322,11,9,1.2222,76.87,15.71,1,2026-02-27,20,medium,1500.0,0.0
6579857,23,21,1.0952,93.8,72.51,2,2025-11-28,111,high,1500.0,1500.0
6582710,174,68,2.5588,70.52,35.11,4,2026-03-13,6,low,1500.0,0.0
6584414,130,61,2.1311,113.2,50.72,3,2026-03-12,7,low,1500.0,0.0
6591189,38,24,1.5833,81.21,56.89,5,2026-03-06,13,medium,1500.0,0.0
6601602,577,145,3.9793,100.86,48.53,2,2026-03-16,3,low,1500.0,0.0
6606636,94,47,2.0,116.3,65.49,2,2026-03-17,2,low,1500.0,0.0
6617597,164,70,2.3429,132.91,61.89,1,2026-03-18,1,low,1500.0,0.0
6641862,136,71,1.9155,89.17,34.0,3,2026-02-05,42,high,1500.0,1500.0
6670535,108,50,2.16,59.98,16.93,2,2026-03-14,5,low,1500.0,0.0
6676926,44,21,2.0952,45.25,19.86,1,2026-03-12,7,low,1500.0,0.0
6692748,693,94,7.3723,39.46,16.85,1,2026-03-16,3,low,1500.0,0.0
6716410,17,8,2.125,46.69,13.6,2,2026-02-26,21,medium,1500.0,0.0
6721368,244,111,2.1982,124.85,71.69,4,2026-03-12,7,low,1500.0,0.0
6724449,27,21,1.2857,70.79,23.1,1,2026-01-29,49,high,1500.0,1500.0
6725147,1,1,1.0,35.38,0.0,1,2026-03-18,1,medium,1500.0,0.0
6766202,24,21,1.1429,65.78,21.1,1,2026-03-17,2,medium,1500.0,0.0
6776771,91,44,2.0682,170.44,71.82,1,2026-03-17,2,low,1500.0,0.0
6788906,160,68,2.3529,111.57,75.5,1,2025-10-31,139,high,1500.0,1500.0
6793807,67,41,1.6341,131.52,71.41,3,2026-03-09,10,medium,1500.0,0.0
6796415,161,50,3.22,73.47,38.15,1,2026-03-01,18,medium,1500.0,0.0
6800874,164,80,2.05,83.17,55.24,4,2026-03-12,7,low,1500.0,0.0
6828710,53,35,1.5143,66.24,31.77,1,2026-03-16,3,medium,1500.0,0.0
6873187,144,75,1.92,81.86,48.95,3,2026-03-14,5,medium,1500.0,0.0
6879414,1,1,1.0,119.48,0.0,1,2025-12-05,104,high,1500.0,1500.0
6883061,371,103,3.6019,153.37,71.15,2,2026-03-16,3,low,1500.0,0.0
6891868,39,24,1.625,107.46,55.73,3,2026-03-15,4,medium,1500.0,0.0
6892365,89,50,1.78,151.31,78.81,6,2025-12-24,85,high,1500.0,1500.0
6919744,198,109,1.8165,123.08,57.03,3,2026-03-06,13,medium,1500.0,0.0
6946645,14,13,1.0769,157.77,63.91,3,2025-12-17,92,high,1500.0,1500.0
6946869,186,64,2.9062,64.24,14.91,1,2026-03-07,12,medium,1500.0,0.0
6961546,88,48,1.8333,57.2,22.39,3,2026-03-07,12,medium,1500.0,0.0
6963583,7,5,1.4,100.76,41.72,1,2026-03-05,14,medium,1500.0,0.0
6966117,49,36,1.3611,71.54,37.57,1,2026-03-14,5,medium,1500.0,0.0
6969866,113,47,2.4043,75.13,44.31,6,2026-03-16,3,low,1500.0,0.0
7017288,113,33,3.4242,56.95,26.58,4,2025-10-03,167,high,1500.0,1500.0
7029291,7,6,1.1667,102.85,52.68,1,2025-09-30,170,high,1500.0,1500.0
7038373,488,118,4.1356,60.98,27.24,4,2026-02-26,21,medium,1500.0,0.0
7045897,13,9,1.4444,82.86,40.35,1,2026-01-19,59,high,1500.0,1500.0
7072978,341,99,3.4444,127.77,62.63,3,2026-03-13,6,low,1500.0,0.0
7099226,7,6,1.1667,84.0,30.21,2,2026-03-02,17,medium,1500.0,0.0
7122167,59,23,2.5652,45.28,15.34,3,2026-03-17,2,low,1500.0,0.0
7123482,14,6,2.3333,136.43,49.16,2,2026-03-16,3,low,1500.0,0.0
7178673,523,149,3.5101,88.47,54.19,3,2026-03-17,2,low,1500.0,0.0
7178871,5,5,1.0,85.01,53.74,3,2026-03-07,12,medium,1500.0,0.0
7181149,57,33,1.7273,99.69,46.92,3,2026-01-22,56,high,1500.0,1500.0
7183572,36,25,1.44,72.77,27.38,3,2025-11-27,112,high,1500.0,1500.0
7197311,326,94,3.4681,88.22,36.77,5,2026-03-17,2,low,1500.0,0.0
7228559,101,65,1.5538,86.72,46.58,2,2026-03-15,4,medium,1500.0,0.0
7231044,309,64,4.8281,101.58,62.27,2,2026-02-28,19,medium,1500.0,0.0
7284222,111,34,3.2647,82.01,44.74,1,2026-03-14,5,low,1500.0,0.0
7285980,216,60,3.6,111.78,63.07,3,2026-03-13,6,low,1500.0,0.0
7302262,10,7,1.4286,129.24,78.28,1,2026-03-05,14,medium,1500.0,0.0
7313790,527,122,4.3197,79.5,55.56,2,2026-03-12,7,low,1500.0,0.0
7324715,5,5,1.0,170.4,69.86,1,2026-03-18,1,medium,1500.0,0.0
7374244,15,10,1.5,66.94,36.98,1,2026-03-06,13,medium,1500.0,0.0
7382493,214,48,4.4583,107.88,61.72,4,2026-01-10,68,high,1500.0,1500.0
7404960,268,120,2.2333,89.15,43.95,3,2026-03-12,7,low,1500.0,0.0
7425627,82,52,1.5769,112.73,69.13,3,2026-03-14,5,medium,1500.0,0.0
7430612,204,94,2.1702,96.23,55.26,2,2026-03-13,6,low,1500.0,0.0
7470676,31,13,2.3846,101.39,66.37,3,2026-03-08,11,medium,1500.0,0.0
7470845,5,4,1.25,155.3,117.24,1,2026-03-14,5,medium,1500.0,0.0
7493049,158,63,2.5079,136.86,43.99,3,2026-03-03,16,medium,1500.0,0.0
7513131,5,4,1.25,56.9,18.65,1,2026-03-09,10,medium,1500.0,0.0
7516129,673,150,4.4867,73.86,43.19,6,2026-03-17,2,low,1500.0,0.0
7551966,14,11,1.2727,169.89,65.61,2,2025-12-08,101,high,1500.0,1500.0
7555928,10,9,1.1111,108.48,44.86,2,2026-02-25,22,high,1500.0,1500.0
7580364,2,2,1.0,51.68,2.32,1,2025-09-21,179,high,1500.0,1500.0
7619393,35,26,1.3462,173.73,69.78,1,2026-03-10,9,medium,1500.0,0.0
7629457,1,1,1.0,25.12,0.0,1,2026-02-10,37,high,1500.0,1500.0
7654809,180,61,2.9508,66.07,36.38,1,2026-01-06,72,high,1500.0,1500.0
7696046,104,65,1.6,80.51,43.99,1,2026-03-07,12,medium,1500.0,0.0
7710890,26,25,1.04,111.25,27.91,2,2026-03-09,10,medium,1500.0,0.0
7716949,28,20,1.4,59.15,17.06,1,2026-02-17,30,high,1500.0,1500.0
7723530,258,95,2.7158,106.14,41.96,2,2026-03-16,3,low,1500.0,0.0
7734791,54,17,3.1765,108.33,39.07,1,2026-02-28,19,medium,1500.0,0.0
7737399,12,12,1.0,141.94,74.74,2,2025-09-30,170,high,1500.0,1500.0
7743096,101,26,3.8846,44.48,14.93,1,2026-03-16,3,low,1500.0,0.0
7748686,6,2,3.0,91.68,29.94,2,2026-03-01,18,medium,1500.0,0.0
7763998,30,13,2.3077,45.28,26.69,3,2026-03-13,6,low,1500.0,0.0
7780362,283,145,1.9517,58.62,45.35,4,2026-01-14,64,high,1500.0,1500.0
7784382,33,22,1.5,62.46,60.94,4,2026-02-03,44,high,1500.0,1500.0
7790158,61,31,1.9677,108.68,49.78,2,2026-03-16,3,medium,1500.0,0.0
7795957,30,5,6.0,62.27,25.73,1,2026-03-17,2,low,1500.0,0.0
7801809,146,68,2.1471,136.07,61.79,4,2026-03-15,4,low,1500.0,0.0
7822006,290,87,3.3333,81.38,39.24,3,2026-03-18,1,low,1500.0,0.0
7823641,78,30,2.6,88.81,34.96,1,2026-03-13,6,low,1500.0,0.0
7833767,6,2,3.0,75.09,26.87,1,2026-03-13,6,low,1500.0,0.0
7837132,16,10,1.6,97.84,60.3,1,2025-10-30,140,high,1500.0,1500.0
7839953,12,10,1.2,80.63,21.88,1,2026-03-13,6,medium,1500.0,0.0
7892240,170,75,2.2667,116.02,59.73,3,2026-03-18,1,low,1500.0,0.0
7898832,63,45,1.4,98.43,72.1,2,2025-10-12,158,high,1500.0,1500.0
7927251,108,59,1.8305,137.92,56.64,3,2026-03-05,14,medium,1500.0,0.0
7957303,33,17,1.9412,83.16,48.24,2,2026-03-13,6,medium,1500.0,0.0
7965241,164,48,3.4167,70.03,48.01,2,2026-03-15,4,low,1500.0,0.0
7967148,99,36,2.75,50.81,34.27,1,2026-03-13,6,low,1500.0,0.0
7996903,111,66,1.6818,57.19,21.41,1,2026-01-24,54,high,1500.0,1500.0
7998342,2,2,1.0,54.55,19.94,1,2025-12-07,102,high,1500.0,1500.0
8000584,50,32,1.5625,73.52,24.69,2,2026-03-07,12,medium,1500.0,0.0
8070374,23,21,1.0952,93.49,38.82,2,2026-03-16,3,medium,1500.0,0.0
8107339,245,67,3.6567,73.86,34.96,5,2026-03-14,5,low,1500.0,0.0
8170078,90,60,1.5,75.57,27.93,4,2026-03-13,6,medium,1500.0,0.0
8221442,354,121,2.9256,78.03,38.88,5,2026-03-16,3,low,1500.0,0.0
8276277,646,178,3.6292,64.37,47.84,9,2026-03-17,2,low,1500.0,0.0
8280058,6,6,1.0,61.23,15.29,1,2026-02-16,31,high,1500.0,1500.0
8280412,255,84,3.0357,120.72,58.59,6,2025-12-24,85,high,1500.0,1500.0
8281868,51,33,1.5455,99.32,57.82,10,2026-03-12,7,medium,1500.0,0.0
8294504,140,65,2.1538,75.01,34.6,2,2026-03-14,5,low,1500.0,0.0
8299100,58,36,1.6111,118.94,69.89,2,2026-03-09,10,medium,1500.0,0.0
8306072,6,5,1.2,122.73,45.71,1,2025-10-09,161,high,1500.0,1500.0
8320391,161,69,2.3333,103.54,47.89,1,2026-03-05,14,medium,1500.0,0.0
8349084,224,84,2.6667,73.1,34.45,4,2026-03-17,2,low,1500.0,0.0
8353647,154,68,2.2647,50.88,20.2,5,2026-03-12,7,low,1500.0,0.0
8366159,20,8,2.5,89.5,69.18,2,2026-03-07,12,medium,1500.0,0.0
8369655,87,27,3.2222,142.51,51.75,1,2026-03-13,6,low,1500.0,0.0
8372595,150,37,4.0541,65.52,25.63,1,2026-03-04,15,medium,1500.0,0.0
8378691,1,1,1.0,192.45,0.0,1,2025-12-14,95,high,1500.0,1500.0
8438734,196,89,2.2022,108.61,49.64,3,2026-03-18,1,low,1500.0,0.0
8446566,267,105,2.5429,69.18,38.17,6,2026-03-16,3,low,1500.0,0.0
8453120,120,35,3.4286,107.0,50.14,2,2026-03-15,4,low,1500.0,0.0
8467445,443,118,3.7542,75.86,65.88,3,2026-03-17,2,low,1500.0,0.0
8484809,145,39,3.7179,91.61,26.28,1,2026-03-01,18,medium,1500.0,0.0
8535425,62,38,1.6316,42.78,14.67,1,2026-03-09,10,medium,1500.0,0.0
8549297,242,87,2.7816,89.11,50.2,3,2026-03-16,3,low,1500.0,0.0
8557955,56,33,1.697,83.07,32.39,2,2026-03-09,10,medium,1500.0,0.0
8582302,31,22,1.4091,62.46,15.0,1,2026-03-07,12,medium,1500.0,0.0
8588224,37,13,2.8462,51.43,7.68,3,2026-03-13,6,low,1500.0,0.0
8605838,86,36,2.3889,59.9,32.76,4,2026-03-18,1,low,1500.0,0.0
8615989,3,2,1.5,27.77,9.18,1,2026-03-14,5,medium,1500.0,0.0
8621055,226,97,2.3299,68.53,19.97,4,2026-03-12,7,low,1500.0,0.0
8627235,2,2,1.0,65.74,10.29,1,2026-03-13,6,medium,1500.0,0.0
8632256,290,125,2.32,85.61,44.2,2,2026-03-12,7,low,1500.0,0.0
8662931,327,91,3.5934,51.4,35.79,3,2026-03-13,6,low,1500.0,0.0
8670360,37,10,3.7,176.43,25.97,1,2026-03-12,7,low,1500.0,0.0
8747440,72,45,1.6,65.21,21.81,2,2026-03-15,4,medium,1500.0,0.0
8765371,24,12,2.0,64.79,25.81,2,2026-03-14,5,low,1500.0,0.0
8767606,15,11,1.3636,72.26,32.46,1,2026-02-21,26,high,1500.0,1500.0
8785331,216,108,2.0,105.02,67.86,4,2026-03-17,2,low,1500.0,0.0
8799177,370,108,3.4259,156.93,57.3,2,2026-03-18,1,low,1500.0,0.0
8875079,420,145,2.8966,81.86,35.82,2,2026-03-16,3,low,1500.0,0.0
8888545,259,94,2.7553,101.91,51.87,2,2026-03-14,5,low,1500.0,0.0
8891785,43,23,1.8696,125.2,61.88,3,2026-03-12,7,medium,1500.0,0.0
8899244,53,43,1.2326,57.22,24.15,6,2026-03-08,11,medium,1500.0,0.0
8923359,52,23,2.2609,60.67,39.09,2,2026-03-18,1,low,1500.0,0.0
8936532,1,1,1.0,41.0,0.0,1,2026-03-12,7,medium,1500.0,0.0
8972795,1,1,1.0,56.73,0.0,1,2026-03-14,5,medium,1500.0,0.0
8974660,5,5,1.0,87.59,52.09,3,2026-02-20,27,high,1500.0,1500.0
8993175,53,28,1.8929,65.08,28.0,2,2026-03-12,7,medium,1500.0,0.0
8994138,145,46,3.1522,111.71,68.55,3,2026-03-18,1,low,1500.0,0.0
8994885,311,76,4.0921,93.53,49.0,1,2026-03-18,1,low,1500.0,0.0
9008533,174,94,1.8511,97.79,57.9,2,2026-03-17,2,medium,1500.0,0.0
9010559,50,31,1.6129,45.69,44.34,2,2025-10-13,157,high,1500.0,1500.0
9051351,1024,256,4.0,90.22,35.39,4,2026-03-02,17,medium,1500.0,0.0
9091497,115,55,2.0909,73.3,24.84,1,2025-12-04,105,high,1500.0,1500.0
9093986,22,12,1.8333,31.88,22.01,1,2026-03-17,2,medium,1500.0,0.0
9107441,21,16,1.3125,50.85,33.82,3,2026-03-16,3,medium,1500.0,0.0
9121329,228,88,2.5909,123.12,56.16,3,2026-02-12,35,high,1500.0,1500.0
9157551,127,56,2.2679,56.45,13.94,1,2026-03-03,16,medium,1500.0,0.0
9198615,56,49,1.1429,57.59,15.9,1,2026-03-13,6,medium,1500.0,0.0
9221677,108,56,1.9286,87.23,30.73,1,2026-02-26,21,medium,1500.0,0.0
9225240,71,39,1.8205,117.56,62.28,3,2026-03-07,12,medium,1500.0,0.0
9232852,468,133,3.5188,68.79,47.19,5,2026-03-12,7,low,1500.0,0.0
9275291,55,27,2.037,79.47,30.19,2,2026-03-13,6,low,1500.0,0.0
9280286,24,12,2.0,75.81,56.65,1,2026-03-14,5,low,1500.0,0.0
9286593,101,48,2.1042,66.51,35.65,1,2026-03-17,2,low,1500.0,0.0
9295581,87,30,2.9,70.41,24.33,3,2026-03-17,2,low,1500.0,0.0
9299466,16,12,1.3333,133.68,69.29,1,2026-02-21,26,high,1500.0,1500.0
9313150,340,90,3.7778,77.45,49.88,5,2026-03-14,5,low,1500.0,0.0
9335429,54,28,1.9286,59.2,27.86,1,2026-03-05,14,medium,1500.0,0.0
9336459,205,64,3.2031,84.08,48.58,3,2026-03-15,4,low,1500.0,0.0
9338715,332,124,2.6774,132.97,74.97,3,2025-10-21,149,high,1500.0,1500.0
9345869,295,115,2.5652,61.5,16.61,4,2026-03-12,7,low,1500.0,0.0
9356728,7,7,1.0,97.86,51.93,2,2026-03-17,2,medium,1500.0,0.0
9359950,1,1,1.0,36.37,0.0,1,2026-03-05,14,medium,1500.0,0.0
9378990,6,6,1.0,93.6,35.7,1,2026-03-07,12,medium,1500.0,0.0
9416488,23,17,1.3529,122.41,61.3,1,2026-03-02,17,medium,1500.0,0.0
9422215,54,26,2.0769,66.85,26.0,2,2026-03-12,7,low,1500.0,0.0
9481945,6,6,1.0,63.48,11.9,1,2026-03-07,12,medium,1500.0,0.0
9484057,76,43,1.7674,64.42,29.6,5,2026-03-16,3,medium,1500.0,0.0
9484782,282,116,2.431,124.81,56.11,4,2026-03-09,10,medium,1500.0,0.0
9484963,71,51,1.3922,151.06,60.91,2,2026-02-27,20,medium,1500.0,0.0
9508545,50,25,2.0,90.28,40.32,1,2026-03-17,2,low,1500.0,0.0
9522694,43,14,3.0714,72.84,36.42,1,2026-03-04,15,medium,1500.0,0.0
9525377,50,32,1.5625,60.5,30.87,2,2026-01-16,62,high,1500.0,1500.0
9529949,122,45,2.7111,101.28,57.06,2,2026-01-28,50,high,1500.0,1500.0
9571309,19,15,1.2667,60.93,20.19,3,2025-11-23,116,high,1500.0,1500.0
9613679,59,21,2.8095,88.73,68.3,4,2026-03-14,5,low,1500.0,0.0
9622636,60,41,1.4634,77.76,40.45,3,2026-02-26,21,medium,1500.0,0.0
9632922,19,12,1.5833,68.76,37.17,2,2025-10-02,168,high,1500.0,1500.0
9655659,67,25,2.68,61.56,34.99,3,2026-03-14,5,low,1500.0,0.0
9656255,132,64,2.0625,124.49,56.12,4,2026-03-12,7,low,1500.0,0.0
9691938,52,23,2.2609,109.62,84.56,3,2026-03-14,5,low,1500.0,0.0
9732499,38,10,3.8,42.74,36.44,2,2026-03-16,3,low,1500.0,0.0
9760872,89,21,4.2381,94.21,46.96,2,2026-03-01,18,medium,1500.0,0.0
9815069,77,33,2.3333,148.8,81.4,1,2026-03-17,2,low,1500.0,0.0
9838072,20,13,1.5385,143.02,68.11,2,2026-03-15,4,medium,1500.0,0.0
9882712,538,125,4.304,140.59,58.55,8,2026-02-26,21,medium,1500.0,0.0
9889560,28,20,1.4,65.36,17.65,1,2026-01-04,74,high,1500.0,1500.0
9896935,3,3,1.0,194.69,106.51,1,2026-02-28,19,medium,1500.0,0.0
9904679,370,48,7.7083,61.82,41.06,2,2026-03-15,4,low,1500.0,0.0
9918949,1,1,1.0,42.45,0.0,1,2026-03-15,4,medium,1500.0,0.0
9937628,189,82,2.3049,57.98,38.56,4,2026-03-13,6,low,1500.0,0.0
9956787,11,6,1.8333,64.87,56.66,2,2026-03-08,11,medium,1500.0,0.0
9959962,19,12,1.5833,110.35,49.36,1,2025-09-25,175,high,1500.0,1500.0
9985340,104,56,1.8571,95.49,55.81,6,2025-10-13,157,high,1500.0,1500.0
9991401,6,5,1.2,75.62,28.09,1,2026-03-09,10,medium,1500.0,0.0
10014612,7,6,1.1667,65.86,27.78,1,2025-11-25,114,high,1500.0,1500.0
10027353,139,56,2.4821,177.97,59.29,2,2026-03-16,3,low,1500.0,0.0
10028940,137,68,2.0147,77.25,40.88,1,2026-03-04,15,medium,1500.0,0.0
10057948,193,68,2.8382,93.06,60.52,3,2026-03-15,4,low,1500.0,0.0
10099521,104,36,2.8889,60.84,20.28,1,2025-11-02,137,high,1500.0,1500.0
10099726,5,4,1.25,88.16,38.84,2,2026-03-03,16,medium,1500.0,0.0
10122140,114,61,1.8689,73.25,44.61,1,2026-03-10,9,medium,1500.0,0.0
10177904,125,56,2.2321,77.77,65.28,6,2026-03-16,3,low,1500.0,0.0
10183747,2,2,1.0,112.62,118.65,1,2026-01-21,57,high,1500.0,1500.0
10198429,4,4,1.0,43.44,7.39,2,2026-03-13,6,medium,1500.0,0.0
10210063,61,41,1.4878,232.16,51.36,1,2026-03-13,6,medium,1500.0,0.0
10312573,130,67,1.9403,95.22,58.35,2,2026-03-12,7,medium,1500.0,0.0
10344170,294,131,2.2443,76.59,33.17,3,2026-03-15,4,low,1500.0,0.0
10367164,102,48,2.125,42.6,13.35,2,2026-03-15,4,low,1500.0,0.0
10423727,1,1,1.0,284.37,0.0,1,2026-03-14,5,medium,1500.0,0.0
10481122,32,25,1.28,117.19,39.89,1,2026-03-02,17,medium,1500.0,0.0
10503628,157,49,3.2041,82.79,42.97,4,2026-03-18,1,low,1500.0,0.0
10536623,94,42,2.2381,66.19,29.29,3,2026-03-18,1,low,1500.0,0.0
10562495,38,27,1.4074,72.71,39.12,2,2026-02-26,21,medium,1500.0,0.0
10568980,6,6,1.0,185.52,44.38,1,2026-03-17,2,medium,1500.0,0.0
10613102,20,16,1.25,80.5,33.67,4,2026-03-15,4,medium,1500.0,0.0
10647023,46,26,1.7692,103.3,22.08,3,2026-03-16,3,medium,1500.0,0.0
10705287,53,21,2.5238,80.77,74.21,2,2026-01-25,53,high,1500.0,1500.0
10719156,219,72,3.0417,93.19,35.24,3,2026-03-06,13,medium,1500.0,0.0
10726030,3,3,1.0,152.69,91.96,1,2026-01-18,60,high,1500.0,1500.0
10779611,91,49,1.8571,69.43,19.33,1,2026-02-13,34,high,1500.0,1500.0
10808479,5,5,1.0,60.31,27.24,1,2025-10-08,162,high,1500.0,1500.0
10815918,103,54,1.9074,67.74,28.41,2,2026-03-03,16,medium,1500.0,0.0
10821441,415,113,3.6726,103.53,36.19,1,2026-03-16,3,low,1500.0,0.0
10841339,155,70,2.2143,47.87,26.2,5,2026-03-18,1,low,1500.0,0.0
10888294,2,2,1.0,108.4,2.83,1,2025-12-11,98,high,1500.0,1500.0
10917968,50,21,2.381,94.24,53.5,3,2026-03-12,7,low,1500.0,0.0
10921915,29,15,1.9333,85.24,48.74,2,2025-12-01,108,high,1500.0,1500.0
10927933,133,69,1.9275,108.14,66.57,2,2026-01-09,69,high,1500.0,1500.0
10943750,209,65,3.2154,63.17,42.08,3,2026-03-16,3,low,1500.0,0.0
10981926,92,42,2.1905,109.73,75.12,1,2026-02-26,21,medium,1500.0,0.0
10982349,99,45,2.2,117.61,64.07,3,2026-03-17,2,low,1500.0,0.0
11002376,207,73,2.8356,137.97,75.7,1,2026-03-11,8,medium,1500.0,0.0
11026632,13,10,1.3,172.75,52.1,1,2026-03-13,6,medium,1500.0,0.0
11183643,30,15,2.0,61.49,46.31,1,2025-12-02,107,high,1500.0,1500.0
11215534,102,58,1.7586,132.58,68.39,2,2026-03-02,17,medium,1500.0,0.0
11255266,223,71,3.1408,110.52,71.93,1,2026-03-16,3,low,1500.0,0.0
11258520,110,32,3.4375,69.17,13.82,2,2026-03-17,2,low,1500.0,0.0
11258873,37,11,3.3636,78.16,21.29,1,2026-03-12,7,low,1500.0,0.0
11314348,20,11,1.8182,92.36,46.32,1,2026-03-15,4,medium,1500.0,0.0
11326778,10,6,1.6667,55.41,14.88,1,2026-01-11,67,high,1500.0,1500.0
11330346,61,37,1.6486,90.33,59.8,1,2026-03-14,5,medium,1500.0,0.0
11394885,28,17,1.6471,75.36,48.18,5,2025-10-11,159,high,1500.0,1500.0
11421681,77,56,1.375,127.54,45.16,3,2026-02-05,42,high,1500.0,1500.0
11494889,168,76,2.2105,159.74,60.95,1,2026-02-26,21,medium,1500.0,0.0
11555239,209,82,2.5488,146.68,60.31,1,2025-11-18,121,high,1500.0,1500.0
11606634,18,11,1.6364,69.12,23.04,1,2026-02-05,42,high,1500.0,1500.0
11671598,52,32,1.625,136.94,74.78,3,2026-03-06,13,medium,1500.0,0.0
11675398,228,69,3.3043,50.38,26.87,1,2026-03-04,15,medium,1500.0,0.0
11709807,168,80,2.1,137.3,35.09,1,2025-12-18,91,high,1500.0,1500.0
11737814,214,77,2.7792,56.96,23.14,5,2026-03-14,5,low,1500.0,0.0
11777131,6,4,1.5,76.7,46.54,1,2026-02-27,20,medium,1500.0,0.0
11782156,154,70,2.2,110.62,51.23,2,2026-03-16,3,low,1500.0,0.0
11784007,59,26,2.2692,100.51,76.46,1,2026-03-18,1,low,1500.0,0.0
11822506,11,10,1.1,52.9,7.22,1,2026-03-18,1,medium,1500.0,0.0
11825035,307,94,3.266,69.51,26.16,4,2026-03-01,18,medium,1500.0,0.0
11884453,514,117,4.3932,78.66,45.94,4,2025-12-17,92,high,1500.0,1500.0
11889307,39,21,1.8571,93.11,41.62,1,2026-03-10,9,medium,1500.0,0.0
11917849,528,170,3.1059,112.09,57.25,3,2026-03-18,1,low,1500.0,0.0
11925846,109,46,2.3696,132.62,47.58,1,2026-03-17,2,low,1500.0,0.0
11954853,12,3,4.0,57.09,11.79,1,2026-03-12,7,low,1500.0,0.0
11992223,62,35,1.7714,55.79,12.71,2,2026-03-02,17,medium,1500.0,0.0
12049619,16,10,1.6,78.85,42.09,1,2025-09-30,170,high,1500.0,1500.0
12064359,13,9,1.4444,165.12,100.84,1,2026-03-15,4,medium,1500.0,0.0
12074235,22,10,2.2,58.69,43.98,1,2026-03-18,1,low,1500.0,0.0
12080152,196,60,3.2667,72.64,38.79,6,2026-03-17,2,low,1500.0,0.0
12087190,100,60,1.6667,76.59,28.11,1,2026-03-09,10,medium,1500.0,0.0
12092082,39,27,1.4444,99.89,63.15,2,2026-01-15,63,high,1500.0,1500.0
12175120,378,182,2.0769,54.74,22.52,1,2026-03-15,4,low,1500.0,0.0
12200275,557,120,4.6417,96.97,53.11,2,2026-03-15,4,low,1500.0,0.0
12202944,120,59,2.0339,67.22,58.38,3,2026-03-13,6,low,1500.0,0.0
12254822,120,75,1.6,118.88,56.62,2,2025-11-18,121,high,1500.0,1500.0
12309239,241,52,4.6346,112.18,76.74,2,2026-03-12,7,low,1500.0,0.0
12341489,67,29,2.3103,126.07,70.1,1,2026-03-15,4,low,1500.0,0.0
12362801,38,29,1.3103,63.46,30.75,2,2026-03-08,11,medium,1500.0,0.0
12406103,93,50,1.86,75.61,25.95,1,2025-10-13,157,high,1500.0,1500.0
12420980,94,55,1.7091,146.64,73.19,3,2025-12-27,82,high,1500.0,1500.0
12428041,3,3,1.0,66.57,31.67,1,2026-03-06,13,medium,1500.0,0.0
12466397,27,15,1.8,84.16,47.12,1,2026-03-17,2,medium,1500.0,0.0
12537176,197,62,3.1774,81.29,39.94,5,2026-03-17,2,low,1500.0,0.0
12555443,20,20,1.0,96.88,30.45,1,2026-03-02,17,medium,1500.0,0.0
12563086,60,27,2.2222,67.46,36.02,2,2026-03-13,6,low,1500.0,0.0
12615249,130,47,2.766,67.38,32.84,2,2026-03-13,6,low,1500.0,0.0
12635957,98,48,2.0417,43.75,13.84,2,2025-10-27,143,high,1500.0,1500.0
12645302,100,34,2.9412,152.39,65.51,1,2026-03-17,2,low,1500.0,0.0
12649708,51,29,1.7586,60.06,23.3,1,2026-03-04,15,medium,1500.0,0.0
12694193,7,5,1.4,68.34,29.23,2,2026-03-04,15,medium,1500.0,0.0
12726303,147,53,2.7736,109.46,58.64,3,2026-03-17,2,low,1500.0,0.0
12747276,94,48,1.9583,58.84,18.26,2,2026-02-26,21,medium,1500.0,0.0
12747285,10,9,1.1111,155.35,88.2,1,2026-02-27,20,medium,1500.0,0.0
12751232,22,15,1.4667,109.58,25.85,2,2026-03-16,3,medium,1500.0,0.0
12753836,128,62,2.0645,56.89,38.89,4,2026-03-17,2,low,1500.0,0.0
12783742,108,42,2.5714,56.99,38.04,1,2026-03-17,2,low,1500.0,0.0
12830822,75,44,1.7045,88.95,48.39,3,2026-03-14,5,medium,1500.0,0.0
12854825,54,32,1.6875,59.21,51.45,2,2026-02-26,21,medium,1500.0,0.0
12908326,316,101,3.1287,113.92,63.29,3,2026-03-08,11,medium,1500.0,0.0
12911993,11,10,1.1,47.29,17.86,1,2026-03-15,4,medium,1500.0,0.0
12913419,215,74,2.9054,51.09,22.42,4,2026-03-01,18,medium,1500.0,0.0
12974391,67,26,2.5769,87.57,55.59,3,2026-03-02,17,medium,1500.0,0.0
12988738,40,23,1.7391,63.39,22.81,1,2026-03-05,14,medium,1500.0,0.0
13005985,52,30,1.7333,57.84,19.09,1,2025-11-16,123,high,1500.0,1500.0
13088747,3,1,3.0,107.46,31.15,2,2026-03-16,3,low,1500.0,0.0
13099479,19,15,1.2667,154.39,53.59,3,2026-01-01,77,high,1500.0,1500.0
13149722,662,104,6.3654,72.69,61.34,8,2026-03-12,7,low,1500.0,0.0
13165320,239,117,2.0427,74.05,34.85,2,2026-03-12,7,low,1500.0,0.0
13219437,13,11,1.1818,145.6,81.55,3,2026-03-03,16,medium,1500.0,0.0
13265402,402,75,5.36,82.96,56.08,1,2026-03-13,6,low,1500.0,0.0
13276532,48,23,2.087,77.65,48.57,2,2026-03-05,14,medium,1500.0,0.0
13279851,151,90,1.6778,66.61,34.63,4,2026-03-15,4,medium,1500.0,0.0
13303518,539,97,5.5567,103.71,39.38,2,2026-03-07,12,medium,1500.0,0.0
13305991,16,9,1.7778,92.34,54.66,2,2026-03-18,1,medium,1500.0,0.0
13310164,245,89,2.7528,134.23,60.33,2,2026-03-18,1,low,1500.0,0.0
13338915,125,44,2.8409,70.97,29.42,2,2026-03-01,18,medium,1500.0,0.0
13369299,19,8,2.375,78.8,42.4,1,2026-03-15,4,low,1500.0,0.0
13372869,49,27,1.8148,78.8,44.94,1,2026-02-08,39,high,1500.0,1500.0
13389154,60,33,1.8182,70.39,31.07,1,2026-03-17,2,medium,1500.0,0.0
13406764,153,49,3.1224,30.61,10.16,2,2026-03-17,2,low,1500.0,0.0
13468836,34,18,1.8889,151.3,80.84,1,2026-03-09,10,medium,1500.0,0.0
13469928,141,70,2.0143,68.77,28.64,3,2026-02-27,20,medium,1500.0,0.0
13560443,179,65,2.7538,80.63,41.43,5,2026-02-28,19,medium,1500.0,0.0
13564468,118,64,1.8438,94.54,52.48,4,2026-03-09,10,medium,1500.0,0.0
13577416,492,93,5.2903,53.42,44.02,3,2026-03-13,6,low,1500.0,0.0
13581902,14,11,1.2727,160.58,50.43,1,2026-03-17,2,medium,1500.0,0.0
13619220,98,39,2.5128,86.1,55.72,4,2026-03-16,3,low,1500.0,0.0
13657138,158,60,2.6333,70.72,20.39,1,2026-03-18,1,low,1500.0,0.0
13668730,82,29,2.8276,64.93,42.87,4,2026-03-09,10,medium,1500.0,0.0
13681949,67,37,1.8108,118.69,58.79,2,2026-03-11,8,medium,1500.0,0.0
13693003,356,101,3.5248,87.14,62.12,4,2026-03-03,16,medium,1500.0,0.0
13702299,3,3,1.0,62.53,5.79,1,2025-10-30,140,high,1500.0,1500.0
13705737,10,8,1.25,109.69,77.74,2,2026-03-05,14,medium,1500.0,0.0
13779308,15,12,1.25,87.74,53.22,4,2026-03-13,6,medium,1500.0,0.0
13831483,93,45,2.0667,75.93,48.7,3,2026-03-17,2,low,1500.0,0.0
13832621,61,21,2.9048,114.29,60.07,1,2026-03-17,2,low,1500.0,0.0
13840816,33,22,1.5,171.11,78.56,3,2026-03-01,18,medium,1500.0,0.0
13854891,159,66,2.4091,127.34,50.03,2,2026-03-08,11,medium,1500.0,0.0
13859471,223,78,2.859,65.5,53.46,3,2026-03-17,2,low,1500.0,0.0
13929011,59,11,5.3636,74.2,44.34,1,2026-03-17,2,low,1500.0,0.0
14018941,32,9,3.5556,52.31,21.22,1,2026-03-14,5,low,1500.0,0.0
14039377,39,27,1.4444,93.55,45.88,1,2026-03-07,12,medium,1500.0,0.0
14052192,4,4,1.0,59.0,14.78,3,2026-03-15,4,medium,1500.0,0.0
14066832,770,167,4.6108,118.26,47.0,3,2025-10-27,143,high,1500.0,1500.0
14083711,14,12,1.1667,55.64,13.95,1,2026-03-03,16,medium,1500.0,0.0
14111843,22,16,1.375,87.14,35.22,1,2025-11-15,124,high,1500.0,1500.0
14122572,3,3,1.0,107.39,40.08,1,2025-12-13,96,high,1500.0,1500.0
14176671,595,125,4.76,60.38,47.38,2,2026-03-03,16,medium,1500.0,0.0
14185532,207,78,2.6538,110.9,65.59,2,2025-12-07,102,high,1500.0,1500.0
14200462,22,18,1.2222,76.47,62.41,1,2026-02-28,19,medium,1500.0,0.0
14204020,431,102,4.2255,90.19,68.07,4,2026-03-14,5,low,1500.0,0.0
14214568,221,77,2.8701,137.88,66.89,1,2026-03-18,1,low,1500.0,0.0
14215655,36,24,1.5,100.82,52.57,2,2026-03-05,14,medium,1500.0,0.0
14244423,79,41,1.9268,57.6,14.09,3,2026-03-06,13,medium,1500.0,0.0
14255438,264,85,3.1059,106.41,73.57,3,2026-03-14,5,low,1500.0,0.0
14320047,46,27,1.7037,96.16,50.88,1,2026-03-13,6,medium,1500.0,0.0
14320131,7,7,1.0,31.11,1.23,1,2026-03-17,2,medium,1500.0,0.0
14370069,46,30,1.5333,66.48,17.56,1,2025-10-22,148,high,1500.0,1500.0
14394432,55,27,2.037,57.77,33.02,1,2025-11-11,128,high,1500.0,1500.0
14544270,298,84,3.5476,61.44,33.29,4,2026-02-27,20,medium,1500.0,0.0
14671923,137,72,1.9028,58.25,32.17,2,2026-03-18,1,medium,1500.0,0.0
14779650,38,25,1.52,49.22,43.06,2,2026-03-16,3,medium,1500.0,0.0
15279967,25,13,1.9231,83.54,36.97,1,2026-03-03,16,medium,1500.0,0.0
15326644,20,17,1.1765,68.83,13.99,1,2026-03-12,7,medium,1500.0,0.0
15481421,43,27,1.5926,36.11,12.89,2,2026-03-03,16,medium,1500.0,0.0
